Timestamp,Time,Flight Mode,System Status,Roll (deg),Pitch (deg),Yaw (deg),Depth (m),Heading (deg),Voltage (V),Current (A),X (m),Y (m),Z (m)
1783561575.184614,2026-07-09 08:46:15,MANUAL,ACTIVE,0.0,0.0,0.0,0.0,0.0,16.8,0.0,0.0,0.0,0.0
1783561576.1896083,2026-07-09 08:46:16,MANUAL,ACTIVE,0.0,0.0,0.0,0.0,0.0,16.8,0.0,0.0,0.0,0.0
1783561577.205367,2026-07-09 08:46:17,MANUAL,ACTIVE,0.0,0.0,0.0,0.0,0.0,16.8,0.0,0.0,0.0,0.0
1783561578.2060137,2026-07-09 08:46:18,MANUAL,ACTIVE,0.0,0.0,0.0,0.0,0.0,16.8,0.0,0.0,0.0,0.0
1783561579.2220454,2026-07-09 08:46:19,MANUAL,ACTIVE,0.0,0.0,0.0,0.0,0.0,16.8,0.0,0.0,0.0,0.0
1783561580.2359455,2026-07-09 08:46:20,MANUAL,ACTIVE,0.0,0.0,0.0,0.0,0.0,16.8,0.0,0.0,0.0,0.0
1783561581.2360692,2026-07-09 08:46:21,MANUAL,ACTIVE,0.0,0.0,0.0,0.0,0.0,16.8,0.0,0.0,0.0,0.0
1783561695.7534602,2026-07-09 08:48:15,MANUAL,ACTIVE,0.0,0.0,0.0,0.0,0.0,16.8,0.0,0.0,0.0,0.0
1783561696.7518592,2026-07-09 08:48:16,MANUAL,ACTIVE,0.0,0.0,0.0,0.0,0.0,16.8,0.0,0.0,0.0,0.0
1783561697.766938,2026-07-09 08:48:17,MANUAL,ACTIVE,0.0,0.0,0.0,0.0,0.0,16.8,0.0,0.0,0.0,0.0
1783561698.783465,2026-07-09 08:48:18,MANUAL,ACTIVE,0.0,0.0,0.0,0.0,0.0,16.8,0.0,0.0,0.0,0.0
1783561699.7995818,2026-07-09 08:48:19,MANUAL,ACTIVE,0.0,0.0,0.0,0.0,0.0,16.8,0.0,0.0,0.0,0.0
1783561700.8133914,2026-07-09 08:48:20,MANUAL,ACTIVE,0.0,0.0,0.0,0.0,0.0,16.8,0.0,0.0,0.0,0.0
1783561701.8141682,2026-07-09 08:48:21,MANUAL,ACTIVE,0.0,0.0,0.0,0.0,0.0,16.8,0.0,0.0,0.0,0.0
1783561702.8285415,2026-07-09 08:48:22,MANUAL,ACTIVE,0.0,0.0,0.0,0.0,0.0,16.8,0.0,0.0,0.0,0.0
1783561703.8449595,2026-07-09 08:48:23,MANUAL,ACTIVE,0.0,0.0,0.0,0.0,0.0,16.8,0.0,0.0,0.0,0.0
1783561704.8450298,2026-07-09 08:48:24,MANUAL,ACTIVE,0.0,0.0,0.0,0.0,0.0,16.8,0.0,0.0,0.0,0.0
1783561705.8597286,2026-07-09 08:48:25,MANUAL,ACTIVE,0.0,0.0,0.0,0.0,0.0,16.8,0.0,0.0,0.0,0.0
1783561706.8755274,2026-07-09 08:48:26,MANUAL,ACTIVE,0.0,0.0,0.0,0.0,0.0,16.8,0.0,0.0,0.0,0.0
1783561707.8905783,2026-07-09 08:48:27,MANUAL,ACTIVE,0.0,0.0,0.0,0.0,0.0,16.8,0.0,0.0,0.0,0.0
1783561708.8918784,2026-07-09 08:48:28,MANUAL,ACTIVE,0.0,0.0,0.0,0.0,0.0,16.8,0.0,0.0,0.0,0.0
1783561709.8921316,2026-07-09 08:48:29,MANUAL,ACTIVE,0.0,0.0,0.0,0.0,0.0,16.8,0.0,0.0,0.0,0.0
1783561710.9064276,2026-07-09 08:48:30,MANUAL,ACTIVE,0.0,0.0,0.0,0.0,0.0,16.8,0.0,0.0,0.0,0.0
1783561711.921152,2026-07-09 08:48:31,MANUAL,ACTIVE,0.0,0.0,0.0,0.0,0.0,16.8,0.0,0.0,0.0,0.0
1783561712.938313,2026-07-09 08:48:32,MANUAL,ACTIVE,0.0,0.0,0.0,0.0,0.0,16.8,0.0,0.0,0.0,0.0
1783561713.952469,2026-07-09 08:48:33,MANUAL,ACTIVE,0.0,0.0,0.0,0.0,0.0,16.8,0.0,0.0,0.0,0.0
1783561714.9530265,2026-07-09 08:48:34,MANUAL,ACTIVE,0.0,0.0,0.0,0.0,0.0,16.8,0.0,0.0,0.0,0.0
1783561715.9690948,2026-07-09 08:48:35,MANUAL,ACTIVE,0.0,0.0,0.0,0.0,0.0,16.8,0.0,0.0,0.0,0.0
1783561716.9838986,2026-07-09 08:48:36,MANUAL,ACTIVE,0.0,0.0,0.0,0.0,0.0,16.8,0.0,0.0,0.0,0.0
1783561717.9839551,2026-07-09 08:48:37,MANUAL,ACTIVE,0.0,0.0,0.0,0.0,0.0,16.8,0.0,0.0,0.0,0.0
1783561718.999864,2026-07-09 08:48:38,MANUAL,ACTIVE,0.0,0.0,0.0,0.0,0.0,16.8,0.0,0.0,0.0,0.0
1783561720.0015335,2026-07-09 08:48:40,MANUAL,ACTIVE,0.0,0.0,0.0,0.0,0.0,16.8,0.0,0.0,0.0,0.0
1783561721.0140078,2026-07-09 08:48:41,MANUAL,ACTIVE,0.0,0.0,0.0,0.0,0.0,16.8,0.0,0.0,0.0,0.0
1783561722.030103,2026-07-09 08:48:42,MANUAL,ACTIVE,0.0,0.0,0.0,0.0,0.0,16.8,0.0,0.0,0.0,0.0
1783561723.045085,2026-07-09 08:48:43,MANUAL,ACTIVE,0.0,0.0,0.0,0.0,0.0,16.8,0.0,0.0,0.0,0.0
1783561724.0463207,2026-07-09 08:48:44,MANUAL,ACTIVE,0.0,0.0,0.0,0.0,0.0,16.8,0.0,0.0,0.0,0.0
1783561725.061515,2026-07-09 08:48:45,MANUAL,ACTIVE,0.0,0.0,0.0,0.0,0.0,16.8,0.0,0.0,0.0,0.0
1783561726.0761857,2026-07-09 08:48:46,MANUAL,ACTIVE,0.0,0.0,0.0,0.0,0.0,16.8,0.0,0.0,0.0,0.0
1783561727.0909312,2026-07-09 08:48:47,MANUAL,ACTIVE,0.0,0.0,0.0,0.0,0.0,16.8,0.0,0.0,0.0,0.0
1783561728.107521,2026-07-09 08:48:48,MANUAL,ACTIVE,0.0,0.0,0.0,0.0,0.0,16.8,0.0,0.0,0.0,0.0
1783561729.1076176,2026-07-09 08:48:49,MANUAL,ACTIVE,0.0,0.0,0.0,0.0,0.0,16.8,0.0,0.0,0.0,0.0
1783561730.1216133,2026-07-09 08:48:50,MANUAL,ACTIVE,0.0,0.0,0.0,0.0,0.0,16.8,0.0,0.0,0.0,0.0
1783561731.1378167,2026-07-09 08:48:51,MANUAL,ACTIVE,0.0,0.0,0.0,0.0,0.0,16.8,0.0,0.0,0.0,0.0
1783561732.1539462,2026-07-09 08:48:52,MANUAL,ACTIVE,0.0,0.0,0.0,0.0,0.0,16.8,0.0,0.0,0.0,0.0
1783561733.1710062,2026-07-09 08:48:53,MANUAL,ACTIVE,0.0,0.0,0.0,0.0,0.0,16.8,0.0,0.0,0.0,0.0
1783561734.1871173,2026-07-09 08:48:54,MANUAL,ACTIVE,0.0,0.0,0.0,0.0,0.0,16.8,0.0,0.0,0.0,0.0
1783561735.201419,2026-07-09 08:48:55,MANUAL,ACTIVE,0.0,0.0,0.0,0.0,0.0,16.8,0.0,0.0,0.0,0.0
1783561736.2166808,2026-07-09 08:48:56,MANUAL,ACTIVE,0.0,0.0,0.0,0.0,0.0,16.8,0.0,0.0,0.0,0.0
1783561737.2327468,2026-07-09 08:48:57,MANUAL,ACTIVE,0.0,0.0,0.0,0.0,0.0,16.8,0.0,0.0,0.0,0.0
1783561738.2487955,2026-07-09 08:48:58,MANUAL,ACTIVE,0.0,0.0,0.0,0.0,0.0,16.8,0.0,0.0,0.0,0.0
1783561739.2644815,2026-07-09 08:48:59,MANUAL,ACTIVE,0.0,0.0,0.0,0.0,0.0,16.8,0.0,0.0,0.0,0.0
1783561740.280901,2026-07-09 08:49:00,MANUAL,ACTIVE,0.0,0.0,0.0,0.0,0.0,16.8,0.0,0.0,0.0,0.0
1783561741.296939,2026-07-09 08:49:01,MANUAL,ACTIVE,0.0,0.0,0.0,0.0,0.0,16.8,0.0,0.0,0.0,0.0
1783561742.3118134,2026-07-09 08:49:02,MANUAL,ACTIVE,0.0,0.0,0.0,0.0,0.0,16.8,0.0,0.0,0.0,0.0
1783561743.326882,2026-07-09 08:49:03,MANUAL,ACTIVE,0.0,0.0,0.0,0.0,0.0,16.8,0.0,0.0,0.0,0.0
1783561744.344195,2026-07-09 08:49:04,MANUAL,ACTIVE,0.0,0.0,0.0,0.0,0.0,16.8,0.0,0.0,0.0,0.0
1783561745.358478,2026-07-09 08:49:05,MANUAL,ACTIVE,0.0,0.0,0.0,0.0,0.0,16.8,0.0,0.0,0.0,0.0
1783561746.3759239,2026-07-09 08:49:06,MANUAL,ACTIVE,0.0,0.0,0.0,0.0,0.0,16.8,0.0,0.0,0.0,0.0
1783561747.3900871,2026-07-09 08:49:07,MANUAL,ACTIVE,0.0,0.0,0.0,0.0,0.0,16.8,0.0,0.0,0.0,0.0
1783561748.391073,2026-07-09 08:49:08,MANUAL,ACTIVE,0.0,0.0,0.0,0.0,0.0,16.8,0.0,0.0,0.0,0.0
1783561749.4052103,2026-07-09 08:49:09,MANUAL,ACTIVE,0.0,0.0,0.0,0.0,0.0,16.8,0.0,0.0,0.0,0.0
1783561750.405258,2026-07-09 08:49:10,MANUAL,ACTIVE,0.0,0.0,0.0,0.0,0.0,16.8,0.0,0.0,0.0,0.0
1783561751.422207,2026-07-09 08:49:11,MANUAL,ACTIVE,0.0,0.0,0.0,0.0,0.0,16.8,0.0,0.0,0.0,0.0
1783561752.4359837,2026-07-09 08:49:12,MANUAL,ACTIVE,0.0,0.0,0.0,0.0,0.0,16.8,0.0,0.0,0.0,0.0
1783561753.436837,2026-07-09 08:49:13,MANUAL,ACTIVE,0.0,0.0,0.0,0.0,0.0,16.8,0.0,0.0,0.0,0.0
1783561754.4516015,2026-07-09 08:49:14,MANUAL,ACTIVE,0.0,0.0,0.0,0.0,0.0,16.8,0.0,0.0,0.0,0.0
1783561755.4665818,2026-07-09 08:49:15,MANUAL,ACTIVE,0.0,0.0,0.0,0.0,0.0,16.8,0.0,0.0,0.0,0.0
1783561756.4819157,2026-07-09 08:49:16,MANUAL,ACTIVE,0.0,0.0,0.0,0.0,0.0,16.8,0.0,0.0,0.0,0.0
1783561757.4977188,2026-07-09 08:49:17,MANUAL,ACTIVE,0.0,0.0,0.0,0.0,0.0,16.8,0.0,0.0,0.0,0.0
1783561758.4984505,2026-07-09 08:49:18,MANUAL,ACTIVE,0.0,0.0,0.0,0.0,0.0,16.8,0.0,0.0,0.0,0.0
1783561759.513333,2026-07-09 08:49:19,MANUAL,ACTIVE,0.0,0.0,0.0,0.0,0.0,16.8,0.0,0.0,0.0,0.0
1783561760.5135074,2026-07-09 08:49:20,MANUAL,ACTIVE,0.0,0.0,0.0,0.0,0.0,16.8,0.0,0.0,0.0,0.0
1783561761.5277026,2026-07-09 08:49:21,MANUAL,ACTIVE,0.0,0.0,0.0,0.0,0.0,16.8,0.0,0.0,0.0,0.0
1783561762.5447383,2026-07-09 08:49:22,MANUAL,ACTIVE,0.0,0.0,0.0,0.0,0.0,16.8,0.0,0.0,0.0,0.0
1783561763.55927,2026-07-09 08:49:23,MANUAL,ACTIVE,0.0,0.0,0.0,0.0,0.0,16.8,0.0,0.0,0.0,0.0
1783561764.5769057,2026-07-09 08:49:24,MANUAL,ACTIVE,0.0,0.0,0.0,0.0,0.0,16.8,0.0,0.0,0.0,0.0
1783561765.5915914,2026-07-09 08:49:25,MANUAL,ACTIVE,0.0,0.0,0.0,0.0,0.0,16.8,0.0,0.0,0.0,0.0
1783561766.6077738,2026-07-09 08:49:26,MANUAL,ACTIVE,0.0,0.0,0.0,0.0,0.0,16.8,0.0,0.0,0.0,0.0
1783561767.6223128,2026-07-09 08:49:27,MANUAL,ACTIVE,0.0,0.0,0.0,0.0,0.0,16.8,0.0,0.0,0.0,0.0
1783561768.6223543,2026-07-09 08:49:28,MANUAL,ACTIVE,0.0,0.0,0.0,0.0,0.0,16.8,0.0,0.0,0.0,0.0
1783561769.6378007,2026-07-09 08:49:29,MANUAL,ACTIVE,0.0,0.0,0.0,0.0,0.0,16.8,0.0,0.0,0.0,0.0
1783561770.6463795,2026-07-09 08:49:30,MANUAL,ACTIVE,0.0,0.0,0.0,0.0,0.0,16.8,0.0,0.0,0.0,0.0
1783561771.6542683,2026-07-09 08:49:31,MANUAL,ACTIVE,0.0,0.0,0.0,0.0,0.0,16.8,0.0,0.0,0.0,0.0
1783561772.668847,2026-07-09 08:49:32,MANUAL,ACTIVE,0.0,0.0,0.0,0.0,0.0,16.8,0.0,0.0,0.0,0.0
1783561773.685297,2026-07-09 08:49:33,MANUAL,ACTIVE,0.0,0.0,0.0,0.0,0.0,16.8,0.0,0.0,0.0,0.0
1783561774.6898077,2026-07-09 08:49:34,MANUAL,ACTIVE,0.0,0.0,0.0,0.0,0.0,16.8,0.0,0.0,0.0,0.0
1783561775.6993616,2026-07-09 08:49:35,MANUAL,ACTIVE,0.0,0.0,0.0,0.0,0.0,16.8,0.0,0.0,0.0,0.0
1783561776.7140486,2026-07-09 08:49:36,MANUAL,ACTIVE,0.0,0.0,0.0,0.0,0.0,16.8,0.0,0.0,0.0,0.0
1783561777.7298548,2026-07-09 08:49:37,MANUAL,ACTIVE,0.0,0.0,0.0,0.0,0.0,16.8,0.0,0.0,0.0,0.0
1783561778.7453427,2026-07-09 08:49:38,MANUAL,ACTIVE,0.0,0.0,0.0,0.0,0.0,16.8,0.0,0.0,0.0,0.0
1783561779.7621605,2026-07-09 08:49:39,MANUAL,ACTIVE,0.0,0.0,0.0,0.0,0.0,16.8,0.0,0.0,0.0,0.0
1783561780.7642014,2026-07-09 08:49:40,MANUAL,ACTIVE,0.0,0.0,0.0,0.0,0.0,16.8,0.0,0.0,0.0,0.0
1783561781.7647145,2026-07-09 08:49:41,MANUAL,ACTIVE,0.0,0.0,0.0,0.0,0.0,16.8,0.0,0.0,0.0,0.0
1783561783.88228,2026-07-09 08:49:43,MANUAL,ACTIVE,0.0,0.0,0.0,0.0,0.0,16.8,0.0,0.0,0.0,0.0
1783561784.8910058,2026-07-09 08:49:44,MANUAL,ACTIVE,0.0,0.0,0.0,0.0,0.0,16.8,0.0,0.0,0.0,0.0
1783561785.9069793,2026-07-09 08:49:45,MANUAL,ACTIVE,0.0,0.0,0.0,0.0,0.0,16.8,0.0,0.0,0.0,0.0
1783561786.922082,2026-07-09 08:49:46,MANUAL,ACTIVE,0.0,0.0,0.0,0.0,0.0,16.8,0.0,0.0,0.0,0.0
1783561787.923021,2026-07-09 08:49:47,MANUAL,ACTIVE,0.0,0.0,0.0,0.0,0.0,16.8,0.0,0.0,0.0,0.0
1783561788.937348,2026-07-09 08:49:48,MANUAL,ACTIVE,0.0,0.0,0.0,0.0,0.0,16.8,0.0,0.0,0.0,0.0
1783561789.9525669,2026-07-09 08:49:49,MANUAL,ACTIVE,0.0,0.0,0.0,0.0,0.0,16.8,0.0,0.0,0.0,0.0
1783561790.9695241,2026-07-09 08:49:50,MANUAL,ACTIVE,0.0,0.0,0.0,0.0,0.0,16.8,0.0,0.0,0.0,0.0
1783561791.970547,2026-07-09 08:49:51,MANUAL,ACTIVE,0.0,0.0,0.0,0.0,0.0,16.8,0.0,0.0,0.0,0.0
1783561792.9721997,2026-07-09 08:49:52,MANUAL,ACTIVE,0.0,0.0,0.0,0.0,0.0,16.8,0.0,0.0,0.0,0.0
1783561793.9849477,2026-07-09 08:49:53,MANUAL,ACTIVE,0.0,0.0,0.0,0.0,0.0,16.8,0.0,0.0,0.0,0.0
1783561795.0006642,2026-07-09 08:49:55,MANUAL,ACTIVE,0.0,0.0,0.0,0.0,0.0,16.8,0.0,0.0,0.0,0.0
1783561796.0017834,2026-07-09 08:49:56,MANUAL,ACTIVE,0.0,0.0,0.0,0.0,0.0,16.8,0.0,0.0,0.0,0.0
1783561797.0153298,2026-07-09 08:49:57,MANUAL,ACTIVE,0.0,0.0,0.0,0.0,0.0,16.8,0.0,0.0,0.0,0.0
1783561798.031615,2026-07-09 08:49:58,MANUAL,ACTIVE,0.0,0.0,0.0,0.0,0.0,16.8,0.0,0.0,0.0,0.0
1783561799.0456464,2026-07-09 08:49:59,MANUAL,ACTIVE,0.0,0.0,0.0,0.0,0.0,16.8,0.0,0.0,0.0,0.0
1783561800.0622394,2026-07-09 08:50:00,MANUAL,ACTIVE,0.0,0.0,0.0,0.0,0.0,16.8,0.0,0.0,0.0,0.0
1783561801.063312,2026-07-09 08:50:01,MANUAL,ACTIVE,0.0,0.0,0.0,0.0,0.0,16.8,0.0,0.0,0.0,0.0
1783561802.0757554,2026-07-09 08:50:02,MANUAL,ACTIVE,0.0,0.0,0.0,0.0,0.0,16.8,0.0,0.0,0.0,0.0
1783561803.07652,2026-07-09 08:50:03,MANUAL,ACTIVE,0.0,0.0,0.0,0.0,0.0,16.8,0.0,0.0,0.0,0.0
1783561804.092631,2026-07-09 08:50:04,MANUAL,ACTIVE,0.0,0.0,0.0,0.0,0.0,16.8,0.0,0.0,0.0,0.0
1783561805.1122415,2026-07-09 08:50:05,MANUAL,ACTIVE,0.0,0.0,0.0,0.0,0.0,16.8,0.0,0.0,0.0,0.0
1783561806.1237662,2026-07-09 08:50:06,MANUAL,ACTIVE,0.0,0.0,0.0,0.0,0.0,16.8,0.0,0.0,0.0,0.0
1783561807.139075,2026-07-09 08:50:07,MANUAL,ACTIVE,0.0,0.0,0.0,0.0,0.0,16.8,0.0,0.0,0.0,0.0
1783561808.1533136,2026-07-09 08:50:08,MANUAL,ACTIVE,0.0,0.0,0.0,0.0,0.0,16.8,0.0,0.0,0.0,0.0
1783561809.1542027,2026-07-09 08:50:09,MANUAL,ACTIVE,0.0,0.0,0.0,0.0,0.0,16.8,0.0,0.0,0.0,0.0
1783561810.1698422,2026-07-09 08:50:10,MANUAL,ACTIVE,0.0,0.0,0.0,0.0,0.0,16.8,0.0,0.0,0.0,0.0
1783561811.1854436,2026-07-09 08:50:11,MANUAL,ACTIVE,0.0,0.0,0.0,0.0,0.0,16.8,0.0,0.0,0.0,0.0
1783561812.187299,2026-07-09 08:50:12,MANUAL,ACTIVE,0.0,0.0,0.0,0.0,0.0,16.8,0.0,0.0,0.0,0.0
1783561813.2005281,2026-07-09 08:50:13,MANUAL,ACTIVE,0.0,0.0,0.0,0.0,0.0,16.8,0.0,0.0,0.0,0.0
1783561814.2150319,2026-07-09 08:50:14,MANUAL,ACTIVE,0.0,0.0,0.0,0.0,0.0,16.8,0.0,0.0,0.0,0.0
1783561815.2305646,2026-07-09 08:50:15,MANUAL,ACTIVE,0.0,0.0,0.0,0.0,0.0,16.8,0.0,0.0,0.0,0.0
1783561816.246587,2026-07-09 08:50:16,MANUAL,ACTIVE,0.0,0.0,0.0,0.0,0.0,16.8,0.0,0.0,0.0,0.0
1783561817.2627363,2026-07-09 08:50:17,MANUAL,ACTIVE,0.0,0.0,0.0,0.0,0.0,16.8,0.0,0.0,0.0,0.0
1783561818.2782838,2026-07-09 08:50:18,MANUAL,ACTIVE,0.0,0.0,0.0,0.0,0.0,16.8,0.0,0.0,0.0,0.0
1783561819.2811472,2026-07-09 08:50:19,MANUAL,ACTIVE,0.0,0.0,0.0,0.0,0.0,16.8,0.0,0.0,0.0,0.0
1783561820.2955444,2026-07-09 08:50:20,MANUAL,ACTIVE,0.0,0.0,0.0,0.0,0.0,16.8,0.0,0.0,0.0,0.0
1783561821.3093765,2026-07-09 08:50:21,MANUAL,ACTIVE,0.0,0.0,0.0,0.0,0.0,16.8,0.0,0.0,0.0,0.0
1783561822.3098214,2026-07-09 08:50:22,MANUAL,ACTIVE,0.0,0.0,0.0,0.0,0.0,16.8,0.0,0.0,0.0,0.0
1783561823.324217,2026-07-09 08:50:23,MANUAL,ACTIVE,0.0,0.0,0.0,0.0,0.0,16.8,0.0,0.0,0.0,0.0
1783561824.325564,2026-07-09 08:50:24,MANUAL,ACTIVE,0.0,0.0,0.0,0.0,0.0,16.8,0.0,0.0,0.0,0.0
1783561825.3382819,2026-07-09 08:50:25,MANUAL,ACTIVE,0.0,0.0,0.0,0.0,0.0,16.8,0.0,0.0,0.0,0.0
1783561826.3388388,2026-07-09 08:50:26,MANUAL,ACTIVE,0.0,0.0,0.0,0.0,0.0,16.8,0.0,0.0,0.0,0.0
1783561827.354599,2026-07-09 08:50:27,MANUAL,ACTIVE,0.0,0.0,0.0,0.0,0.0,16.8,0.0,0.0,0.0,0.0
1783561828.3707993,2026-07-09 08:50:28,MANUAL,ACTIVE,0.0,0.0,0.0,0.0,0.0,16.8,0.0,0.0,0.0,0.0
1783561829.3850417,2026-07-09 08:50:29,MANUAL,ACTIVE,0.0,0.0,0.0,0.0,0.0,16.8,0.0,0.0,0.0,0.0
1783561830.4021025,2026-07-09 08:50:30,MANUAL,ACTIVE,0.0,0.0,0.0,0.0,0.0,16.8,0.0,0.0,0.0,0.0
1783561831.4361465,2026-07-09 08:50:31,MANUAL,ACTIVE,0.0,0.0,0.0,0.0,0.0,16.8,0.0,0.0,0.0,0.0
1783561832.4490101,2026-07-09 08:50:32,MANUAL,ACTIVE,0.0,0.0,0.0,0.0,0.0,16.8,0.0,0.0,0.0,0.0
1783561833.4656608,2026-07-09 08:50:33,MANUAL,ACTIVE,0.0,0.0,0.0,0.0,0.0,16.8,0.0,0.0,0.0,0.0
1783561834.4821072,2026-07-09 08:50:34,MANUAL,ACTIVE,0.0,0.0,0.0,0.0,0.0,16.8,0.0,0.0,0.0,0.0
1783561835.4982786,2026-07-09 08:50:35,MANUAL,ACTIVE,0.0,0.0,0.0,0.0,0.0,16.8,0.0,0.0,0.0,0.0
1783561836.5126448,2026-07-09 08:50:36,MANUAL,ACTIVE,0.0,0.0,0.0,0.0,0.0,16.8,0.0,0.0,0.0,0.0
1783561837.5300765,2026-07-09 08:50:37,MANUAL,ACTIVE,0.0,0.0,0.0,0.0,0.0,16.8,0.0,0.0,0.0,0.0
1783561838.5446334,2026-07-09 08:50:38,MANUAL,ACTIVE,0.0,0.0,0.0,0.0,0.0,16.8,0.0,0.0,0.0,0.0
1783561839.5612419,2026-07-09 08:50:39,MANUAL,ACTIVE,0.0,0.0,0.0,0.0,0.0,16.8,0.0,0.0,0.0,0.0
1783561840.5763445,2026-07-09 08:50:40,MANUAL,ACTIVE,0.0,0.0,0.0,0.0,0.0,16.8,0.0,0.0,0.0,0.0
1783561841.5942595,2026-07-09 08:50:41,MANUAL,ACTIVE,0.0,0.0,0.0,0.0,0.0,16.8,0.0,0.0,0.0,0.0
1783561842.6070917,2026-07-09 08:50:42,MANUAL,ACTIVE,0.0,0.0,0.0,0.0,0.0,16.8,0.0,0.0,0.0,0.0
1783561843.6078138,2026-07-09 08:50:43,MANUAL,ACTIVE,0.0,0.0,0.0,0.0,0.0,16.8,0.0,0.0,0.0,0.0
1783561844.622756,2026-07-09 08:50:44,MANUAL,ACTIVE,0.0,0.0,0.0,0.0,0.0,16.8,0.0,0.0,0.0,0.0
1783561845.6394916,2026-07-09 08:50:45,MANUAL,ACTIVE,0.0,0.0,0.0,0.0,0.0,16.8,0.0,0.0,0.0,0.0
1783561846.6534977,2026-07-09 08:50:46,MANUAL,ACTIVE,0.0,0.0,0.0,0.0,0.0,16.8,0.0,0.0,0.0,0.0
1783561847.6711361,2026-07-09 08:50:47,MANUAL,ACTIVE,0.0,0.0,0.0,0.0,0.0,16.8,0.0,0.0,0.0,0.0
1783561848.6855595,2026-07-09 08:50:48,MANUAL,ACTIVE,0.0,0.0,0.0,0.0,0.0,16.8,0.0,0.0,0.0,0.0
1783561849.6869032,2026-07-09 08:50:49,MANUAL,ACTIVE,0.0,0.0,0.0,0.0,0.0,16.8,0.0,0.0,0.0,0.0
1783561850.7002037,2026-07-09 08:50:50,MANUAL,ACTIVE,0.0,0.0,0.0,0.0,0.0,16.8,0.0,0.0,0.0,0.0
1783561851.7170923,2026-07-09 08:50:51,MANUAL,ACTIVE,0.0,0.0,0.0,0.0,0.0,16.8,0.0,0.0,0.0,0.0
1783561852.7314057,2026-07-09 08:50:52,MANUAL,ACTIVE,0.0,0.0,0.0,0.0,0.0,16.8,0.0,0.0,0.0,0.0
1783561853.749275,2026-07-09 08:50:53,MANUAL,ACTIVE,0.0,0.0,0.0,0.0,0.0,16.8,0.0,0.0,0.0,0.0
1783561854.763652,2026-07-09 08:50:54,MANUAL,ACTIVE,0.0,0.0,0.0,0.0,0.0,16.8,0.0,0.0,0.0,0.0
1783561855.7643557,2026-07-09 08:50:55,MANUAL,ACTIVE,0.0,0.0,0.0,0.0,0.0,16.8,0.0,0.0,0.0,0.0
1783561856.7782302,2026-07-09 08:50:56,MANUAL,ACTIVE,0.0,0.0,0.0,0.0,0.0,16.8,0.0,0.0,0.0,0.0
1783561857.7938178,2026-07-09 08:50:57,MANUAL,ACTIVE,0.0,0.0,0.0,0.0,0.0,16.8,0.0,0.0,0.0,0.0
1783561858.8103938,2026-07-09 08:50:58,MANUAL,ACTIVE,0.0,0.0,0.0,0.0,0.0,16.8,0.0,0.0,0.0,0.0
1783561859.8258495,2026-07-09 08:50:59,MANUAL,ACTIVE,0.0,0.0,0.0,0.0,0.0,16.8,0.0,0.0,0.0,0.0
1783561860.8415885,2026-07-09 08:51:00,MANUAL,ACTIVE,0.0,0.0,0.0,0.0,0.0,16.8,0.0,0.0,0.0,0.0
1783561861.8579848,2026-07-09 08:51:01,MANUAL,ACTIVE,0.0,0.0,0.0,0.0,0.0,16.8,0.0,0.0,0.0,0.0
1783561862.8736842,2026-07-09 08:51:02,MANUAL,ACTIVE,0.0,0.0,0.0,0.0,0.0,16.8,0.0,0.0,0.0,0.0
1783561863.88841,2026-07-09 08:51:03,MANUAL,ACTIVE,0.0,0.0,0.0,0.0,0.0,16.8,0.0,0.0,0.0,0.0
1783561864.9050803,2026-07-09 08:51:04,MANUAL,ACTIVE,0.0,0.0,0.0,0.0,0.0,16.8,0.0,0.0,0.0,0.0
1783561865.919782,2026-07-09 08:51:05,MANUAL,ACTIVE,0.0,0.0,0.0,0.0,0.0,16.8,0.0,0.0,0.0,0.0
1783561866.920047,2026-07-09 08:51:06,MANUAL,ACTIVE,0.0,0.0,0.0,0.0,0.0,16.8,0.0,0.0,0.0,0.0
1783561867.9352262,2026-07-09 08:51:07,MANUAL,ACTIVE,0.0,0.0,0.0,0.0,0.0,16.8,0.0,0.0,0.0,0.0
1783561868.950924,2026-07-09 08:51:08,MANUAL,ACTIVE,0.0,0.0,0.0,0.0,0.0,16.8,0.0,0.0,0.0,0.0
1783561869.9670699,2026-07-09 08:51:09,MANUAL,ACTIVE,0.0,0.0,0.0,0.0,0.0,16.8,0.0,0.0,0.0,0.0
1783561870.9833639,2026-07-09 08:51:10,MANUAL,ACTIVE,0.0,0.0,0.0,0.0,0.0,16.8,0.0,0.0,0.0,0.0
1783561871.9981854,2026-07-09 08:51:11,MANUAL,ACTIVE,0.0,0.0,0.0,0.0,0.0,16.8,0.0,0.0,0.0,0.0
1783561873.0141282,2026-07-09 08:51:13,MANUAL,ACTIVE,0.0,0.0,0.0,0.0,0.0,16.8,0.0,0.0,0.0,0.0
1783561874.032264,2026-07-09 08:51:14,MANUAL,ACTIVE,0.0,0.0,0.0,0.0,0.0,16.8,0.0,0.0,0.0,0.0
1783561875.0456975,2026-07-09 08:51:15,MANUAL,ACTIVE,0.0,0.0,0.0,0.0,0.0,16.8,0.0,0.0,0.0,0.0
1783561876.0617938,2026-07-09 08:51:16,MANUAL,ACTIVE,0.0,0.0,0.0,0.0,0.0,16.8,0.0,0.0,0.0,0.0
1783561877.0775871,2026-07-09 08:51:17,MANUAL,ACTIVE,0.0,0.0,0.0,0.0,0.0,16.8,0.0,0.0,0.0,0.0
1783561878.0930061,2026-07-09 08:51:18,MANUAL,ACTIVE,0.0,0.0,0.0,0.0,0.0,16.8,0.0,0.0,0.0,0.0
1783561879.1097846,2026-07-09 08:51:19,MANUAL,ACTIVE,0.0,0.0,0.0,0.0,0.0,16.8,0.0,0.0,0.0,0.0
1783561880.1246645,2026-07-09 08:51:20,MANUAL,ACTIVE,0.0,0.0,0.0,0.0,0.0,16.8,0.0,0.0,0.0,0.0
1783561881.1399229,2026-07-09 08:51:21,MANUAL,ACTIVE,0.0,0.0,0.0,0.0,0.0,16.8,0.0,0.0,0.0,0.0
1783561882.1559758,2026-07-09 08:51:22,MANUAL,ACTIVE,0.0,0.0,0.0,0.0,0.0,16.8,0.0,0.0,0.0,0.0
1783561883.1726968,2026-07-09 08:51:23,MANUAL,ACTIVE,0.0,0.0,0.0,0.0,0.0,16.8,0.0,0.0,0.0,0.0
1783561884.187954,2026-07-09 08:51:24,MANUAL,ACTIVE,0.0,0.0,0.0,0.0,0.0,16.8,0.0,0.0,0.0,0.0
1783561885.202703,2026-07-09 08:51:25,MANUAL,ACTIVE,0.0,0.0,0.0,0.0,0.0,16.8,0.0,0.0,0.0,0.0
1783561886.2027674,2026-07-09 08:51:26,MANUAL,ACTIVE,0.0,0.0,0.0,0.0,0.0,16.8,0.0,0.0,0.0,0.0
1783561887.21767,2026-07-09 08:51:27,MANUAL,ACTIVE,0.0,0.0,0.0,0.0,0.0,16.8,0.0,0.0,0.0,0.0
1783561888.234157,2026-07-09 08:51:28,MANUAL,ACTIVE,0.0,0.0,0.0,0.0,0.0,16.8,0.0,0.0,0.0,0.0
1783561889.2356002,2026-07-09 08:51:29,MANUAL,ACTIVE,0.0,0.0,0.0,0.0,0.0,16.8,0.0,0.0,0.0,0.0
1783561890.2485065,2026-07-09 08:51:30,MANUAL,ACTIVE,0.0,0.0,0.0,0.0,0.0,16.8,0.0,0.0,0.0,0.0
1783561891.2650907,2026-07-09 08:51:31,MANUAL,ACTIVE,0.0,0.0,0.0,0.0,0.0,16.8,0.0,0.0,0.0,0.0
1783561892.2802625,2026-07-09 08:51:32,MANUAL,ACTIVE,0.0,0.0,0.0,0.0,0.0,16.8,0.0,0.0,0.0,0.0
1783561893.2806487,2026-07-09 08:51:33,MANUAL,ACTIVE,0.0,0.0,0.0,0.0,0.0,16.8,0.0,0.0,0.0,0.0
1783561894.2964797,2026-07-09 08:51:34,MANUAL,ACTIVE,0.0,0.0,0.0,0.0,0.0,16.8,0.0,0.0,0.0,0.0
1783561895.312102,2026-07-09 08:51:35,MANUAL,ACTIVE,0.0,0.0,0.0,0.0,0.0,16.8,0.0,0.0,0.0,0.0
1783561896.3275912,2026-07-09 08:51:36,MANUAL,ACTIVE,0.0,0.0,0.0,0.0,0.0,16.8,0.0,0.0,0.0,0.0
1783561897.3427253,2026-07-09 08:51:37,MANUAL,ACTIVE,0.0,0.0,0.0,0.0,0.0,16.8,0.0,0.0,0.0,0.0
1783561898.3430376,2026-07-09 08:51:38,MANUAL,ACTIVE,0.0,0.0,0.0,0.0,0.0,16.8,0.0,0.0,0.0,0.0
1783561899.35757,2026-07-09 08:51:39,MANUAL,ACTIVE,0.0,0.0,0.0,0.0,0.0,16.8,0.0,0.0,0.0,0.0
1783561900.3747807,2026-07-09 08:51:40,MANUAL,ACTIVE,0.0,0.0,0.0,0.0,0.0,16.8,0.0,0.0,0.0,0.0
1783561901.388976,2026-07-09 08:51:41,MANUAL,ACTIVE,0.0,0.0,0.0,0.0,0.0,16.8,0.0,0.0,0.0,0.0
1783561902.3896172,2026-07-09 08:51:42,MANUAL,ACTIVE,0.0,0.0,0.0,0.0,0.0,16.8,0.0,0.0,0.0,0.0
1783561903.404317,2026-07-09 08:51:43,MANUAL,ACTIVE,0.0,0.0,0.0,0.0,0.0,16.8,0.0,0.0,0.0,0.0
1783561904.4042528,2026-07-09 08:51:44,MANUAL,ACTIVE,0.0,0.0,0.0,0.0,0.0,16.8,0.0,0.0,0.0,0.0
1783561905.4203036,2026-07-09 08:51:45,MANUAL,ACTIVE,0.0,0.0,0.0,0.0,0.0,16.8,0.0,0.0,0.0,0.0
1783561906.436932,2026-07-09 08:51:46,MANUAL,ACTIVE,0.0,0.0,0.0,0.0,0.0,16.8,0.0,0.0,0.0,0.0
1783561907.4508014,2026-07-09 08:51:47,MANUAL,ACTIVE,0.0,0.0,0.0,0.0,0.0,16.8,0.0,0.0,0.0,0.0
1783561908.466842,2026-07-09 08:51:48,MANUAL,ACTIVE,0.0,0.0,0.0,0.0,0.0,16.8,0.0,0.0,0.0,0.0
1783561909.482281,2026-07-09 08:51:49,MANUAL,ACTIVE,0.0,0.0,0.0,0.0,0.0,16.8,0.0,0.0,0.0,0.0
1783561910.4979498,2026-07-09 08:51:50,MANUAL,ACTIVE,0.0,0.0,0.0,0.0,0.0,16.8,0.0,0.0,0.0,0.0
1783561911.514758,2026-07-09 08:51:51,MANUAL,ACTIVE,0.0,0.0,0.0,0.0,0.0,16.8,0.0,0.0,0.0,0.0
1783561912.5296345,2026-07-09 08:51:52,MANUAL,ACTIVE,0.0,0.0,0.0,0.0,0.0,16.8,0.0,0.0,0.0,0.0
1783561913.5298305,2026-07-09 08:51:53,MANUAL,ACTIVE,0.0,0.0,0.0,0.0,0.0,16.8,0.0,0.0,0.0,0.0
1783561914.545056,2026-07-09 08:51:54,MANUAL,ACTIVE,0.0,0.0,0.0,0.0,0.0,16.8,0.0,0.0,0.0,0.0
1783561915.5607114,2026-07-09 08:51:55,MANUAL,ACTIVE,0.0,0.0,0.0,0.0,0.0,16.8,0.0,0.0,0.0,0.0
1783561916.5629318,2026-07-09 08:51:56,MANUAL,ACTIVE,0.0,0.0,0.0,0.0,0.0,16.8,0.0,0.0,0.0,0.0
1783561917.5746584,2026-07-09 08:51:57,MANUAL,ACTIVE,0.0,0.0,0.0,0.0,0.0,16.8,0.0,0.0,0.0,0.0
1783561918.5911753,2026-07-09 08:51:58,MANUAL,ACTIVE,0.0,0.0,0.0,0.0,0.0,16.8,0.0,0.0,0.0,0.0
1783561919.624754,2026-07-09 08:51:59,MANUAL,ACTIVE,0.0,0.0,0.0,0.0,0.0,16.8,0.0,0.0,0.0,0.0
1783561920.6390095,2026-07-09 08:52:00,MANUAL,ACTIVE,0.0,0.0,0.0,0.0,0.0,16.8,0.0,0.0,0.0,0.0
1783561921.6549037,2026-07-09 08:52:01,MANUAL,ACTIVE,0.0,0.0,0.0,0.0,0.0,16.8,0.0,0.0,0.0,0.0
1783561922.6565304,2026-07-09 08:52:02,MANUAL,ACTIVE,0.0,0.0,0.0,0.0,0.0,16.8,0.0,0.0,0.0,0.0
1783561923.6715925,2026-07-09 08:52:03,MANUAL,ACTIVE,0.0,0.0,0.0,0.0,0.0,16.8,0.0,0.0,0.0,0.0
1783561924.6715803,2026-07-09 08:52:04,MANUAL,ACTIVE,0.0,0.0,0.0,0.0,0.0,16.8,0.0,0.0,0.0,0.0
1783561925.6859686,2026-07-09 08:52:05,MANUAL,ACTIVE,0.0,0.0,0.0,0.0,0.0,16.8,0.0,0.0,0.0,0.0
1783561926.7030036,2026-07-09 08:52:06,MANUAL,ACTIVE,0.0,0.0,0.0,0.0,0.0,16.8,0.0,0.0,0.0,0.0
1783561927.716766,2026-07-09 08:52:07,MANUAL,ACTIVE,0.0,0.0,0.0,0.0,0.0,16.8,0.0,0.0,0.0,0.0
1783561928.720445,2026-07-09 08:52:08,MANUAL,ACTIVE,0.0,0.0,0.0,0.0,0.0,16.8,0.0,0.0,0.0,0.0
1783561929.732317,2026-07-09 08:52:09,MANUAL,ACTIVE,0.0,0.0,0.0,0.0,0.0,16.8,0.0,0.0,0.0,0.0
1783561930.7469003,2026-07-09 08:52:10,MANUAL,ACTIVE,0.0,0.0,0.0,0.0,0.0,16.8,0.0,0.0,0.0,0.0
1783561931.7627811,2026-07-09 08:52:11,MANUAL,ACTIVE,0.0,0.0,0.0,0.0,0.0,16.8,0.0,0.0,0.0,0.0
1783561932.765892,2026-07-09 08:52:12,MANUAL,ACTIVE,0.0,0.0,0.0,0.0,0.0,16.8,0.0,0.0,0.0,0.0
1783561933.7769876,2026-07-09 08:52:13,MANUAL,ACTIVE,0.0,0.0,0.0,0.0,0.0,16.8,0.0,0.0,0.0,0.0
1783561934.7928991,2026-07-09 08:52:14,MANUAL,ACTIVE,0.0,0.0,0.0,0.0,0.0,16.8,0.0,0.0,0.0,0.0
1783561935.7936032,2026-07-09 08:52:15,MANUAL,ACTIVE,0.0,0.0,0.0,0.0,0.0,16.8,0.0,0.0,0.0,0.0
1783561936.8096838,2026-07-09 08:52:16,MANUAL,ACTIVE,0.0,0.0,0.0,0.0,0.0,16.8,0.0,0.0,0.0,0.0
1783561937.8238378,2026-07-09 08:52:17,MANUAL,ACTIVE,0.0,0.0,0.0,0.0,0.0,16.8,0.0,0.0,0.0,0.0
1783561938.8399668,2026-07-09 08:52:18,MANUAL,ACTIVE,0.0,0.0,0.0,0.0,0.0,16.8,0.0,0.0,0.0,0.0
1783561939.8557281,2026-07-09 08:52:19,MANUAL,ACTIVE,0.0,0.0,0.0,0.0,0.0,16.8,0.0,0.0,0.0,0.0
1783561940.872421,2026-07-09 08:52:20,MANUAL,ACTIVE,0.0,0.0,0.0,0.0,0.0,16.8,0.0,0.0,0.0,0.0
1783561941.8869243,2026-07-09 08:52:21,MANUAL,ACTIVE,0.0,0.0,0.0,0.0,0.0,16.8,0.0,0.0,0.0,0.0
1783561942.9051914,2026-07-09 08:52:22,MANUAL,ACTIVE,0.0,0.0,0.0,0.0,0.0,16.8,0.0,0.0,0.0,0.0
1783561943.9191372,2026-07-09 08:52:23,MANUAL,ACTIVE,0.0,0.0,0.0,0.0,0.0,16.8,0.0,0.0,0.0,0.0
1783561944.934568,2026-07-09 08:52:24,MANUAL,ACTIVE,0.0,0.0,0.0,0.0,0.0,16.8,0.0,0.0,0.0,0.0
1783561945.9502914,2026-07-09 08:52:25,MANUAL,ACTIVE,0.0,0.0,0.0,0.0,0.0,16.8,0.0,0.0,0.0,0.0
1783561946.9672685,2026-07-09 08:52:26,MANUAL,ACTIVE,0.0,0.0,0.0,0.0,0.0,16.8,0.0,0.0,0.0,0.0
1783561947.981678,2026-07-09 08:52:27,MANUAL,ACTIVE,0.0,0.0,0.0,0.0,0.0,16.8,0.0,0.0,0.0,0.0
1783561948.9826863,2026-07-09 08:52:28,MANUAL,ACTIVE,0.0,0.0,0.0,0.0,0.0,16.8,0.0,0.0,0.0,0.0
1783561949.9971187,2026-07-09 08:52:29,MANUAL,ACTIVE,0.0,0.0,0.0,0.0,0.0,16.8,0.0,0.0,0.0,0.0
1783561951.0130935,2026-07-09 08:52:31,MANUAL,ACTIVE,0.0,0.0,0.0,0.0,0.0,16.8,0.0,0.0,0.0,0.0
1783561952.028147,2026-07-09 08:52:32,MANUAL,ACTIVE,0.0,0.0,0.0,0.0,0.0,16.8,0.0,0.0,0.0,0.0
1783561953.0444427,2026-07-09 08:52:33,MANUAL,ACTIVE,0.0,0.0,0.0,0.0,0.0,16.8,0.0,0.0,0.0,0.0
1783561954.0605164,2026-07-09 08:52:34,MANUAL,ACTIVE,0.0,0.0,0.0,0.0,0.0,16.8,0.0,0.0,0.0,0.0
1783561955.0768657,2026-07-09 08:52:35,MANUAL,ACTIVE,0.0,0.0,0.0,0.0,0.0,16.8,0.0,0.0,0.0,0.0
1783561956.0916793,2026-07-09 08:52:36,MANUAL,ACTIVE,0.0,0.0,0.0,0.0,0.0,16.8,0.0,0.0,0.0,0.0
1783561957.0926468,2026-07-09 08:52:37,MANUAL,ACTIVE,0.0,0.0,0.0,0.0,0.0,16.8,0.0,0.0,0.0,0.0
1783561958.1073437,2026-07-09 08:52:38,MANUAL,ACTIVE,0.0,0.0,0.0,0.0,0.0,16.8,0.0,0.0,0.0,0.0
1783561959.1224468,2026-07-09 08:52:39,MANUAL,ACTIVE,0.0,0.0,0.0,0.0,0.0,16.8,0.0,0.0,0.0,0.0
1783561960.1378827,2026-07-09 08:52:40,MANUAL,ACTIVE,0.0,0.0,0.0,0.0,0.0,16.8,0.0,0.0,0.0,0.0
1783561961.1532965,2026-07-09 08:52:41,MANUAL,ACTIVE,0.0,0.0,0.0,0.0,0.0,16.8,0.0,0.0,0.0,0.0
1783561962.1697772,2026-07-09 08:52:42,MANUAL,ACTIVE,0.0,0.0,0.0,0.0,0.0,16.8,0.0,0.0,0.0,0.0
1783561963.1854932,2026-07-09 08:52:43,MANUAL,ACTIVE,0.0,0.0,0.0,0.0,0.0,16.8,0.0,0.0,0.0,0.0
1783561964.2028568,2026-07-09 08:52:44,MANUAL,ACTIVE,0.0,0.0,0.0,0.0,0.0,16.8,0.0,0.0,0.0,0.0
1783561965.216938,2026-07-09 08:52:45,MANUAL,ACTIVE,0.0,0.0,0.0,0.0,0.0,16.8,0.0,0.0,0.0,0.0
1783561966.2328377,2026-07-09 08:52:46,MANUAL,ACTIVE,0.0,0.0,0.0,0.0,0.0,16.8,0.0,0.0,0.0,0.0
1783561967.248449,2026-07-09 08:52:47,MANUAL,ACTIVE,0.0,0.0,0.0,0.0,0.0,16.8,0.0,0.0,0.0,0.0
1783561968.2645812,2026-07-09 08:52:48,MANUAL,ACTIVE,0.0,0.0,0.0,0.0,0.0,16.8,0.0,0.0,0.0,0.0
1783561969.2798383,2026-07-09 08:52:49,MANUAL,ACTIVE,0.0,0.0,0.0,0.0,0.0,16.8,0.0,0.0,0.0,0.0
1783561970.295586,2026-07-09 08:52:50,MANUAL,ACTIVE,0.0,0.0,0.0,0.0,0.0,16.8,0.0,0.0,0.0,0.0
1783561971.3116076,2026-07-09 08:52:51,MANUAL,ACTIVE,0.0,0.0,0.0,0.0,0.0,16.8,0.0,0.0,0.0,0.0
1783561972.327274,2026-07-09 08:52:52,MANUAL,ACTIVE,0.0,0.0,0.0,0.0,0.0,16.8,0.0,0.0,0.0,0.0
1783561973.3428552,2026-07-09 08:52:53,MANUAL,ACTIVE,0.0,0.0,0.0,0.0,0.0,16.8,0.0,0.0,0.0,0.0
1783561974.358804,2026-07-09 08:52:54,MANUAL,ACTIVE,0.0,0.0,0.0,0.0,0.0,16.8,0.0,0.0,0.0,0.0
1783561975.3748536,2026-07-09 08:52:55,MANUAL,ACTIVE,0.0,0.0,0.0,0.0,0.0,16.8,0.0,0.0,0.0,0.0
1783561976.3917277,2026-07-09 08:52:56,MANUAL,ACTIVE,0.0,0.0,0.0,0.0,0.0,16.8,0.0,0.0,0.0,0.0
1783561977.406335,2026-07-09 08:52:57,MANUAL,ACTIVE,0.0,0.0,0.0,0.0,0.0,16.8,0.0,0.0,0.0,0.0
1783561978.4226642,2026-07-09 08:52:58,MANUAL,ACTIVE,0.0,0.0,0.0,0.0,0.0,16.8,0.0,0.0,0.0,0.0
1783561979.438203,2026-07-09 08:52:59,MANUAL,ACTIVE,0.0,0.0,0.0,0.0,0.0,16.8,0.0,0.0,0.0,0.0
1783561980.4533482,2026-07-09 08:53:00,MANUAL,ACTIVE,0.0,0.0,0.0,0.0,0.0,16.8,0.0,0.0,0.0,0.0
1783561981.454923,2026-07-09 08:53:01,MANUAL,ACTIVE,0.0,0.0,0.0,0.0,0.0,16.8,0.0,0.0,0.0,0.0
1783561982.4683015,2026-07-09 08:53:02,MANUAL,ACTIVE,0.0,0.0,0.0,0.0,0.0,16.8,0.0,0.0,0.0,0.0
1783561983.485759,2026-07-09 08:53:03,MANUAL,ACTIVE,0.0,0.0,0.0,0.0,0.0,16.8,0.0,0.0,0.0,0.0
1783561984.5008028,2026-07-09 08:53:04,MANUAL,ACTIVE,0.0,0.0,0.0,0.0,0.0,16.8,0.0,0.0,0.0,0.0
1783561985.5159922,2026-07-09 08:53:05,MANUAL,ACTIVE,0.0,0.0,0.0,0.0,0.0,16.8,0.0,0.0,0.0,0.0
1783561986.532131,2026-07-09 08:53:06,MANUAL,ACTIVE,0.0,0.0,0.0,0.0,0.0,16.8,0.0,0.0,0.0,0.0
1783561987.5474517,2026-07-09 08:53:07,MANUAL,ACTIVE,0.0,0.0,0.0,0.0,0.0,16.8,0.0,0.0,0.0,0.0
1783561988.5479746,2026-07-09 08:53:08,MANUAL,ACTIVE,0.0,0.0,0.0,0.0,0.0,16.8,0.0,0.0,0.0,0.0
1783561989.5623784,2026-07-09 08:53:09,MANUAL,ACTIVE,0.0,0.0,0.0,0.0,0.0,16.8,0.0,0.0,0.0,0.0
1783561990.563518,2026-07-09 08:53:10,MANUAL,ACTIVE,0.0,0.0,0.0,0.0,0.0,16.8,0.0,0.0,0.0,0.0
1783561991.5778728,2026-07-09 08:53:11,MANUAL,ACTIVE,0.0,0.0,0.0,0.0,0.0,16.8,0.0,0.0,0.0,0.0
1783562014.806804,2026-07-09 08:53:34,MANUAL,ACTIVE,0.0,0.0,0.0,0.0,0.0,16.8,0.0,0.0,0.0,0.0
1783562015.8065314,2026-07-09 08:53:35,MANUAL,ACTIVE,0.0,0.0,0.0,0.0,0.0,16.8,0.0,0.0,0.0,0.0
1783562016.808446,2026-07-09 08:53:36,MANUAL,ACTIVE,0.0,0.0,0.0,0.0,0.0,16.8,0.0,0.0,0.0,0.0
1783562017.815398,2026-07-09 08:53:37,MANUAL,ACTIVE,0.0,0.0,0.0,0.0,0.0,16.8,0.0,0.0,0.0,0.0
1783562018.824347,2026-07-09 08:53:38,MANUAL,ACTIVE,0.0,0.0,0.0,0.0,0.0,16.8,0.0,0.0,0.0,0.0
1783562019.8321683,2026-07-09 08:53:39,MANUAL,ACTIVE,0.0,0.0,0.0,0.0,0.0,16.8,0.0,0.0,0.0,0.0
1783562020.8435316,2026-07-09 08:53:40,MANUAL,ACTIVE,0.0,0.0,0.0,0.0,0.0,16.8,0.0,0.0,0.0,0.0
1783562021.8512564,2026-07-09 08:53:41,MANUAL,ACTIVE,0.0,0.0,0.0,0.0,0.0,16.8,0.0,0.0,0.0,0.0
1783562022.8624332,2026-07-09 08:53:42,MANUAL,ACTIVE,0.0,0.0,0.0,0.0,0.0,16.8,0.0,0.0,0.0,0.0
1783562023.877979,2026-07-09 08:53:43,MANUAL,ACTIVE,0.0,0.0,0.0,0.0,0.0,16.8,0.0,0.0,0.0,0.0
1783562024.889462,2026-07-09 08:53:44,MANUAL,ACTIVE,0.0,0.0,0.0,0.0,0.0,16.8,0.0,0.0,0.0,0.0
1783562025.8942409,2026-07-09 08:53:45,MANUAL,ACTIVE,0.0,0.0,0.0,0.0,0.0,16.8,0.0,0.0,0.0,0.0
1783562026.9185824,2026-07-09 08:53:46,MANUAL,ACTIVE,0.0,0.0,0.0,0.0,0.0,16.8,0.0,0.0,0.0,0.0
1783562027.932221,2026-07-09 08:53:47,MANUAL,ACTIVE,0.0,0.0,0.0,0.0,0.0,16.8,0.0,0.0,0.0,0.0
1783562028.943972,2026-07-09 08:53:48,MANUAL,ACTIVE,0.0,0.0,0.0,0.0,0.0,16.8,0.0,0.0,0.0,0.0
1783562029.9548988,2026-07-09 08:53:49,MANUAL,ACTIVE,0.0,0.0,0.0,0.0,0.0,16.8,0.0,0.0,0.0,0.0
1783562030.9622626,2026-07-09 08:53:50,MANUAL,ACTIVE,0.0,0.0,0.0,0.0,0.0,16.8,0.0,0.0,0.0,0.0
1783562031.963971,2026-07-09 08:53:51,MANUAL,ACTIVE,0.0,0.0,0.0,0.0,0.0,16.8,0.0,0.0,0.0,0.0
1783562032.9680471,2026-07-09 08:53:52,MANUAL,ACTIVE,0.0,0.0,0.0,0.0,0.0,16.8,0.0,0.0,0.0,0.0
1783562033.98468,2026-07-09 08:53:53,MANUAL,ACTIVE,0.0,0.0,0.0,0.0,0.0,16.8,0.0,0.0,0.0,0.0
1783562034.9893248,2026-07-09 08:53:54,MANUAL,ACTIVE,0.0,0.0,0.0,0.0,0.0,16.8,0.0,0.0,0.0,0.0
1783562036.0004337,2026-07-09 08:53:56,MANUAL,ACTIVE,0.0,0.0,0.0,0.0,0.0,16.8,0.0,0.0,0.0,0.0
1783562037.0100513,2026-07-09 08:53:57,MANUAL,ACTIVE,0.0,0.0,0.0,0.0,0.0,16.8,0.0,0.0,0.0,0.0
1783562038.0248938,2026-07-09 08:53:58,MANUAL,ACTIVE,0.0,0.0,0.0,0.0,0.0,16.8,0.0,0.0,0.0,0.0
1783562039.0357537,2026-07-09 08:53:59,MANUAL,ACTIVE,0.0,0.0,0.0,0.0,0.0,16.8,0.0,0.0,0.0,0.0
1783562040.0403664,2026-07-09 08:54:00,MANUAL,ACTIVE,0.0,0.0,0.0,0.0,0.0,16.8,0.0,0.0,0.0,0.0
1783562041.0636027,2026-07-09 08:54:01,MANUAL,ACTIVE,0.0,0.0,0.0,0.0,0.0,16.8,0.0,0.0,0.0,0.0
1783562042.0642211,2026-07-09 08:54:02,MANUAL,ACTIVE,0.0,0.0,0.0,0.0,0.0,16.8,0.0,0.0,0.0,0.0
1783562043.0775287,2026-07-09 08:54:03,MANUAL,ACTIVE,0.0,0.0,0.0,0.0,0.0,16.8,0.0,0.0,0.0,0.0
1783562044.0831466,2026-07-09 08:54:04,MANUAL,ACTIVE,0.0,0.0,0.0,0.0,0.0,16.8,0.0,0.0,0.0,0.0
1783562045.0836363,2026-07-09 08:54:05,MANUAL,ACTIVE,0.0,0.0,0.0,0.0,0.0,16.8,0.0,0.0,0.0,0.0
1783562046.091818,2026-07-09 08:54:06,MANUAL,ACTIVE,0.0,0.0,0.0,0.0,0.0,16.8,0.0,0.0,0.0,0.0
1783562047.09292,2026-07-09 08:54:07,MANUAL,ACTIVE,0.0,0.0,0.0,0.0,0.0,16.8,0.0,0.0,0.0,0.0
1783562048.101513,2026-07-09 08:54:08,MANUAL,ACTIVE,0.0,0.0,0.0,0.0,0.0,16.8,0.0,0.0,0.0,0.0
1783562049.1147795,2026-07-09 08:54:09,MANUAL,ACTIVE,0.0,0.0,0.0,0.0,0.0,16.8,0.0,0.0,0.0,0.0
1783562050.1313205,2026-07-09 08:54:10,MANUAL,ACTIVE,0.0,0.0,0.0,0.0,0.0,16.8,0.0,0.0,0.0,0.0
1783562051.1325052,2026-07-09 08:54:11,MANUAL,ACTIVE,0.0,0.0,0.0,0.0,0.0,16.8,0.0,0.0,0.0,0.0
1783562052.1359437,2026-07-09 08:54:12,MANUAL,ACTIVE,0.0,0.0,0.0,0.0,0.0,16.8,0.0,0.0,0.0,0.0
1783562053.138266,2026-07-09 08:54:13,MANUAL,ACTIVE,0.0,0.0,0.0,0.0,0.0,16.8,0.0,0.0,0.0,0.0
1783562054.1456976,2026-07-09 08:54:14,MANUAL,ACTIVE,0.0,0.0,0.0,0.0,0.0,16.8,0.0,0.0,0.0,0.0
1783562055.148441,2026-07-09 08:54:15,MANUAL,ACTIVE,0.0,0.0,0.0,0.0,0.0,16.8,0.0,0.0,0.0,0.0
1783562056.151999,2026-07-09 08:54:16,MANUAL,ACTIVE,0.0,0.0,0.0,0.0,0.0,16.8,0.0,0.0,0.0,0.0
1783562057.1619444,2026-07-09 08:54:17,MANUAL,ACTIVE,0.0,0.0,0.0,0.0,0.0,16.8,0.0,0.0,0.0,0.0
1783562058.1740303,2026-07-09 08:54:18,MANUAL,ACTIVE,0.0,0.0,0.0,0.0,0.0,16.8,0.0,0.0,0.0,0.0
1783562059.1806974,2026-07-09 08:54:19,MANUAL,ACTIVE,0.0,0.0,0.0,0.0,0.0,16.8,0.0,0.0,0.0,0.0
1783562060.1959171,2026-07-09 08:54:20,MANUAL,ACTIVE,0.0,0.0,0.0,0.0,0.0,16.8,0.0,0.0,0.0,0.0
1783562061.2049017,2026-07-09 08:54:21,MANUAL,ACTIVE,0.0,0.0,0.0,0.0,0.0,16.8,0.0,0.0,0.0,0.0
1783562062.2112927,2026-07-09 08:54:22,MANUAL,ACTIVE,0.0,0.0,0.0,0.0,0.0,16.8,0.0,0.0,0.0,0.0
1783562063.2206042,2026-07-09 08:54:23,MANUAL,ACTIVE,0.0,0.0,0.0,0.0,0.0,16.8,0.0,0.0,0.0,0.0
1783562064.2276933,2026-07-09 08:54:24,MANUAL,ACTIVE,0.0,0.0,0.0,0.0,0.0,16.8,0.0,0.0,0.0,0.0
1783562065.2384615,2026-07-09 08:54:25,MANUAL,ACTIVE,0.0,0.0,0.0,0.0,0.0,16.8,0.0,0.0,0.0,0.0
1783562066.2510505,2026-07-09 08:54:26,MANUAL,ACTIVE,0.0,0.0,0.0,0.0,0.0,16.8,0.0,0.0,0.0,0.0
1783562067.2601204,2026-07-09 08:54:27,MANUAL,ACTIVE,0.0,0.0,0.0,0.0,0.0,16.8,0.0,0.0,0.0,0.0
1783562068.273365,2026-07-09 08:54:28,MANUAL,ACTIVE,0.0,0.0,0.0,0.0,0.0,16.8,0.0,0.0,0.0,0.0
1783562069.286916,2026-07-09 08:54:29,MANUAL,ACTIVE,0.0,0.0,0.0,0.0,0.0,16.8,0.0,0.0,0.0,0.0
1783562070.2989554,2026-07-09 08:54:30,MANUAL,ACTIVE,0.0,0.0,0.0,0.0,0.0,16.8,0.0,0.0,0.0,0.0
1783562071.3019335,2026-07-09 08:54:31,MANUAL,ACTIVE,0.0,0.0,0.0,0.0,0.0,16.8,0.0,0.0,0.0,0.0
1783562072.3261719,2026-07-09 08:54:32,MANUAL,ACTIVE,0.0,0.0,0.0,0.0,0.0,16.8,0.0,0.0,0.0,0.0
1783562073.3393762,2026-07-09 08:54:33,MANUAL,ACTIVE,0.0,0.0,0.0,0.0,0.0,16.8,0.0,0.0,0.0,0.0
1783562074.3737376,2026-07-09 08:54:34,MANUAL,ACTIVE,0.0,0.0,0.0,0.0,0.0,16.8,0.0,0.0,0.0,0.0
1783562075.3892357,2026-07-09 08:54:35,MANUAL,ACTIVE,0.0,0.0,0.0,0.0,0.0,16.8,0.0,0.0,0.0,0.0
1783562076.4032857,2026-07-09 08:54:36,MANUAL,ACTIVE,0.0,0.0,0.0,0.0,0.0,16.8,0.0,0.0,0.0,0.0
1783562077.4033892,2026-07-09 08:54:37,MANUAL,ACTIVE,0.0,0.0,0.0,0.0,0.0,16.8,0.0,0.0,0.0,0.0
1783562078.4181135,2026-07-09 08:54:38,MANUAL,ACTIVE,0.0,0.0,0.0,0.0,0.0,16.8,0.0,0.0,0.0,0.0
1783562079.419409,2026-07-09 08:54:39,MANUAL,ACTIVE,0.0,0.0,0.0,0.0,0.0,16.8,0.0,0.0,0.0,0.0
1783562080.4372473,2026-07-09 08:54:40,MANUAL,ACTIVE,0.0,0.0,0.0,0.0,0.0,16.8,0.0,0.0,0.0,0.0
1783562081.44886,2026-07-09 08:54:41,MANUAL,ACTIVE,0.0,0.0,0.0,0.0,0.0,16.8,0.0,0.0,0.0,0.0
1783562082.4654644,2026-07-09 08:54:42,MANUAL,ACTIVE,0.0,0.0,0.0,0.0,0.0,16.8,0.0,0.0,0.0,0.0
1783562083.4794219,2026-07-09 08:54:43,MANUAL,ACTIVE,0.0,0.0,0.0,0.0,0.0,16.8,0.0,0.0,0.0,0.0
1783562084.4952679,2026-07-09 08:54:44,MANUAL,ACTIVE,0.0,0.0,0.0,0.0,0.0,16.8,0.0,0.0,0.0,0.0
1783562085.5113592,2026-07-09 08:54:45,MANUAL,ACTIVE,0.0,0.0,0.0,0.0,0.0,16.8,0.0,0.0,0.0,0.0
1783562086.5134015,2026-07-09 08:54:46,MANUAL,ACTIVE,0.0,0.0,0.0,0.0,0.0,16.8,0.0,0.0,0.0,0.0
1783562087.5275402,2026-07-09 08:54:47,MANUAL,ACTIVE,0.0,0.0,0.0,0.0,0.0,16.8,0.0,0.0,0.0,0.0
1783562088.5281403,2026-07-09 08:54:48,MANUAL,ACTIVE,0.0,0.0,0.0,0.0,0.0,16.8,0.0,0.0,0.0,0.0
1783562089.5414977,2026-07-09 08:54:49,MANUAL,ACTIVE,0.0,0.0,0.0,0.0,0.0,16.8,0.0,0.0,0.0,0.0
1783562090.5579693,2026-07-09 08:54:50,MANUAL,ACTIVE,0.0,0.0,0.0,0.0,0.0,16.8,0.0,0.0,0.0,0.0
1783562091.573649,2026-07-09 08:54:51,MANUAL,ACTIVE,0.0,0.0,0.0,0.0,0.0,16.8,0.0,0.0,0.0,0.0
1783562092.589073,2026-07-09 08:54:52,MANUAL,ACTIVE,0.0,0.0,0.0,0.0,0.0,16.8,0.0,0.0,0.0,0.0
1783562093.6047387,2026-07-09 08:54:53,MANUAL,ACTIVE,0.0,0.0,0.0,0.0,0.0,16.8,0.0,0.0,0.0,0.0
1783562094.6204526,2026-07-09 08:54:54,MANUAL,ACTIVE,0.0,0.0,0.0,0.0,0.0,16.8,0.0,0.0,0.0,0.0
1783562095.6363273,2026-07-09 08:54:55,MANUAL,ACTIVE,0.0,0.0,0.0,0.0,0.0,16.8,0.0,0.0,0.0,0.0
1783562096.652089,2026-07-09 08:54:56,MANUAL,ACTIVE,0.0,0.0,0.0,0.0,0.0,16.8,0.0,0.0,0.0,0.0
1783562097.6523523,2026-07-09 08:54:57,MANUAL,ACTIVE,0.0,0.0,0.0,0.0,0.0,16.8,0.0,0.0,0.0,0.0
1783562098.667115,2026-07-09 08:54:58,MANUAL,ACTIVE,0.0,0.0,0.0,0.0,0.0,16.8,0.0,0.0,0.0,0.0
1783562099.682772,2026-07-09 08:54:59,MANUAL,ACTIVE,0.0,0.0,0.0,0.0,0.0,16.8,0.0,0.0,0.0,0.0
1783562100.7000628,2026-07-09 08:55:00,MANUAL,ACTIVE,0.0,0.0,0.0,0.0,0.0,16.8,0.0,0.0,0.0,0.0
1783562101.7140558,2026-07-09 08:55:01,MANUAL,ACTIVE,0.0,0.0,0.0,0.0,0.0,16.8,0.0,0.0,0.0,0.0
1783562102.730117,2026-07-09 08:55:02,MANUAL,ACTIVE,0.0,0.0,0.0,0.0,0.0,16.8,0.0,0.0,0.0,0.0
1783562103.745781,2026-07-09 08:55:03,MANUAL,ACTIVE,0.0,0.0,0.0,0.0,0.0,16.8,0.0,0.0,0.0,0.0
1783562104.7622828,2026-07-09 08:55:04,MANUAL,ACTIVE,0.0,0.0,0.0,0.0,0.0,16.8,0.0,0.0,0.0,0.0
1783562105.777443,2026-07-09 08:55:05,MANUAL,ACTIVE,0.0,0.0,0.0,0.0,0.0,16.8,0.0,0.0,0.0,0.0
1783562106.793447,2026-07-09 08:55:06,MANUAL,ACTIVE,0.0,0.0,0.0,0.0,0.0,16.8,0.0,0.0,0.0,0.0
1783562107.793731,2026-07-09 08:55:07,MANUAL,ACTIVE,0.0,0.0,0.0,0.0,0.0,16.8,0.0,0.0,0.0,0.0
1783562108.8080783,2026-07-09 08:55:08,MANUAL,ACTIVE,0.0,0.0,0.0,0.0,0.0,16.8,0.0,0.0,0.0,0.0
1783562109.8250158,2026-07-09 08:55:09,MANUAL,ACTIVE,0.0,0.0,0.0,0.0,0.0,16.8,0.0,0.0,0.0,0.0
1783562110.8398726,2026-07-09 08:55:10,MANUAL,ACTIVE,0.0,0.0,0.0,0.0,0.0,16.8,0.0,0.0,0.0,0.0
1783562111.8569694,2026-07-09 08:55:11,MANUAL,ACTIVE,0.0,0.0,0.0,0.0,0.0,16.8,0.0,0.0,0.0,0.0
1783562112.8889544,2026-07-09 08:55:12,MANUAL,ACTIVE,0.0,0.0,0.0,0.0,0.0,16.8,0.0,0.0,0.0,0.0
1783562113.9041646,2026-07-09 08:55:13,MANUAL,ACTIVE,0.0,0.0,0.0,0.0,0.0,16.8,0.0,0.0,0.0,0.0
1783562114.9203205,2026-07-09 08:55:14,MANUAL,ACTIVE,0.0,0.0,0.0,0.0,0.0,16.8,0.0,0.0,0.0,0.0
1783562115.936018,2026-07-09 08:55:15,MANUAL,ACTIVE,0.0,0.0,0.0,0.0,0.0,16.8,0.0,0.0,0.0,0.0
1783562116.9527237,2026-07-09 08:55:16,MANUAL,ACTIVE,0.0,0.0,0.0,0.0,0.0,16.8,0.0,0.0,0.0,0.0
1783562117.967379,2026-07-09 08:55:17,MANUAL,ACTIVE,0.0,0.0,0.0,0.0,0.0,16.8,0.0,0.0,0.0,0.0
1783562118.9832344,2026-07-09 08:55:18,MANUAL,ACTIVE,0.0,0.0,0.0,0.0,0.0,16.8,0.0,0.0,0.0,0.0
1783562119.9985018,2026-07-09 08:55:19,MANUAL,ACTIVE,0.0,0.0,0.0,0.0,0.0,16.8,0.0,0.0,0.0,0.0
1783562120.9991982,2026-07-09 08:55:20,MANUAL,ACTIVE,0.0,0.0,0.0,0.0,0.0,16.8,0.0,0.0,0.0,0.0
1783562122.0143094,2026-07-09 08:55:22,MANUAL,ACTIVE,0.0,0.0,0.0,0.0,0.0,16.8,0.0,0.0,0.0,0.0
1783562123.030293,2026-07-09 08:55:23,MANUAL,ACTIVE,0.0,0.0,0.0,0.0,0.0,16.8,0.0,0.0,0.0,0.0
1783562124.0464227,2026-07-09 08:55:24,MANUAL,ACTIVE,0.0,0.0,0.0,0.0,0.0,16.8,0.0,0.0,0.0,0.0
1783562125.0606565,2026-07-09 08:55:25,MANUAL,ACTIVE,0.0,0.0,0.0,0.0,0.0,16.8,0.0,0.0,0.0,0.0
1783562126.077671,2026-07-09 08:55:26,MANUAL,ACTIVE,0.0,0.0,0.0,0.0,0.0,16.8,0.0,0.0,0.0,0.0
1783562127.0941517,2026-07-09 08:55:27,MANUAL,ACTIVE,0.0,0.0,0.0,0.0,0.0,16.8,0.0,0.0,0.0,0.0
1783562128.108295,2026-07-09 08:55:28,MANUAL,ACTIVE,0.0,0.0,0.0,0.0,0.0,16.8,0.0,0.0,0.0,0.0
1783562129.12541,2026-07-09 08:55:29,MANUAL,ACTIVE,0.0,0.0,0.0,0.0,0.0,16.8,0.0,0.0,0.0,0.0
1783562130.13953,2026-07-09 08:55:30,MANUAL,ACTIVE,0.0,0.0,0.0,0.0,0.0,16.8,0.0,0.0,0.0,0.0
1783562131.1558318,2026-07-09 08:55:31,MANUAL,ACTIVE,0.0,0.0,0.0,0.0,0.0,16.8,0.0,0.0,0.0,0.0
1783562132.1560624,2026-07-09 08:55:32,MANUAL,ACTIVE,0.0,0.0,0.0,0.0,0.0,16.8,0.0,0.0,0.0,0.0
1783562133.170386,2026-07-09 08:55:33,MANUAL,ACTIVE,0.0,0.0,0.0,0.0,0.0,16.8,0.0,0.0,0.0,0.0
1783562134.18795,2026-07-09 08:55:34,MANUAL,ACTIVE,0.0,0.0,0.0,0.0,0.0,16.8,0.0,0.0,0.0,0.0
1783562135.2019718,2026-07-09 08:55:35,MANUAL,ACTIVE,0.0,0.0,0.0,0.0,0.0,16.8,0.0,0.0,0.0,0.0
1783562136.2189453,2026-07-09 08:55:36,MANUAL,ACTIVE,0.0,0.0,0.0,0.0,0.0,16.8,0.0,0.0,0.0,0.0
1783562137.233877,2026-07-09 08:55:37,MANUAL,ACTIVE,0.0,0.0,0.0,0.0,0.0,16.8,0.0,0.0,0.0,0.0
1783562138.23392,2026-07-09 08:55:38,MANUAL,ACTIVE,0.0,0.0,0.0,0.0,0.0,16.8,0.0,0.0,0.0,0.0
1783562139.2493277,2026-07-09 08:55:39,MANUAL,ACTIVE,0.0,0.0,0.0,0.0,0.0,16.8,0.0,0.0,0.0,0.0
1783562140.2645473,2026-07-09 08:55:40,MANUAL,ACTIVE,0.0,0.0,0.0,0.0,0.0,16.8,0.0,0.0,0.0,0.0
1783562141.2812424,2026-07-09 08:55:41,MANUAL,ACTIVE,0.0,0.0,0.0,0.0,0.0,16.8,0.0,0.0,0.0,0.0
1783562142.296671,2026-07-09 08:55:42,MANUAL,ACTIVE,0.0,0.0,0.0,0.0,0.0,16.8,0.0,0.0,0.0,0.0
1783562143.3128254,2026-07-09 08:55:43,MANUAL,ACTIVE,0.0,0.0,0.0,0.0,0.0,16.8,0.0,0.0,0.0,0.0
1783562144.3275106,2026-07-09 08:55:44,MANUAL,ACTIVE,0.0,0.0,0.0,0.0,0.0,16.8,0.0,0.0,0.0,0.0
1783562145.3282502,2026-07-09 08:55:45,MANUAL,ACTIVE,0.0,0.0,0.0,0.0,0.0,16.8,0.0,0.0,0.0,0.0
1783562146.329525,2026-07-09 08:55:46,MANUAL,ACTIVE,0.0,0.0,0.0,0.0,0.0,16.8,0.0,0.0,0.0,0.0
1783562147.3420465,2026-07-09 08:55:47,MANUAL,ACTIVE,0.0,0.0,0.0,0.0,0.0,16.8,0.0,0.0,0.0,0.0
1783562148.3577142,2026-07-09 08:55:48,MANUAL,ACTIVE,0.0,0.0,0.0,0.0,0.0,16.8,0.0,0.0,0.0,0.0
1783562358.3016896,2026-07-09 08:59:18,MANUAL,ACTIVE,0.0,0.0,0.0,0.0,0.0,16.8,0.0,0.0,0.0,0.0
1783562359.3073628,2026-07-09 08:59:19,MANUAL,ACTIVE,0.0,0.0,0.0,0.0,0.0,16.8,0.0,0.0,0.0,0.0
1783562360.3230474,2026-07-09 08:59:20,MANUAL,ACTIVE,0.0,0.0,0.0,0.0,0.0,16.8,0.0,0.0,0.0,0.0
1783562361.3377314,2026-07-09 08:59:21,MANUAL,ACTIVE,0.0,0.0,0.0,0.0,0.0,16.8,0.0,0.0,0.0,0.0
1783562363.1194506,2026-07-09 08:59:23,MANUAL,ACTIVE,0.0,0.0,0.0,0.0,0.0,16.8,0.0,0.0,0.0,0.0
1783562364.1226408,2026-07-09 08:59:24,MANUAL,ACTIVE,0.0,0.0,0.0,0.0,0.0,16.8,0.0,0.0,0.0,0.0
1783562365.1348438,2026-07-09 08:59:25,MANUAL,ACTIVE,0.0,0.0,0.0,0.0,0.0,16.8,0.0,0.0,0.0,0.0
1783562366.150332,2026-07-09 08:59:26,MANUAL,ACTIVE,0.0,0.0,0.0,0.0,0.0,16.8,0.0,0.0,0.0,0.0
1783562367.1661768,2026-07-09 08:59:27,MANUAL,ACTIVE,0.0,0.0,0.0,0.0,0.0,16.8,0.0,0.0,0.0,0.0
1783562368.1817794,2026-07-09 08:59:28,MANUAL,ACTIVE,0.0,0.0,0.0,0.0,0.0,16.8,0.0,0.0,0.0,0.0
1783562369.182293,2026-07-09 08:59:29,MANUAL,ACTIVE,0.0,0.0,0.0,0.0,0.0,16.8,0.0,0.0,0.0,0.0
1783562370.196905,2026-07-09 08:59:30,MANUAL,ACTIVE,0.0,0.0,0.0,0.0,0.0,16.8,0.0,0.0,0.0,0.0
1783562371.1974745,2026-07-09 08:59:31,MANUAL,ACTIVE,0.0,0.0,0.0,0.0,0.0,16.8,0.0,0.0,0.0,0.0
1783562372.212085,2026-07-09 08:59:32,MANUAL,ACTIVE,0.0,0.0,0.0,0.0,0.0,16.8,0.0,0.0,0.0,0.0
1783562373.227585,2026-07-09 08:59:33,MANUAL,ACTIVE,0.0,0.0,0.0,0.0,0.0,16.8,0.0,0.0,0.0,0.0
1783562374.2434366,2026-07-09 08:59:34,MANUAL,ACTIVE,0.0,0.0,0.0,0.0,0.0,16.8,0.0,0.0,0.0,0.0
1783562375.2595341,2026-07-09 08:59:35,MANUAL,ACTIVE,0.0,0.0,0.0,0.0,0.0,16.8,0.0,0.0,0.0,0.0
1783562376.2745726,2026-07-09 08:59:36,MANUAL,ACTIVE,0.0,0.0,0.0,0.0,0.0,16.8,0.0,0.0,0.0,0.0
1783562377.2912297,2026-07-09 08:59:37,MANUAL,ACTIVE,0.0,0.0,0.0,0.0,0.0,16.8,0.0,0.0,0.0,0.0
1783562378.3063622,2026-07-09 08:59:38,MANUAL,ACTIVE,0.0,0.0,0.0,0.0,0.0,16.8,0.0,0.0,0.0,0.0
1783562379.3067143,2026-07-09 08:59:39,MANUAL,ACTIVE,0.0,0.0,0.0,0.0,0.0,16.8,0.0,0.0,0.0,0.0
1783562380.3213794,2026-07-09 08:59:40,MANUAL,ACTIVE,0.0,0.0,0.0,0.0,0.0,16.8,0.0,0.0,0.0,0.0
1783562381.3372507,2026-07-09 08:59:41,MANUAL,ACTIVE,0.0,0.0,0.0,0.0,0.0,16.8,0.0,0.0,0.0,0.0
1783562382.3530734,2026-07-09 08:59:42,MANUAL,ACTIVE,0.0,0.0,0.0,0.0,0.0,16.8,0.0,0.0,0.0,0.0
1783562383.368862,2026-07-09 08:59:43,MANUAL,ACTIVE,0.0,0.0,0.0,0.0,0.0,16.8,0.0,0.0,0.0,0.0
1783562384.384703,2026-07-09 08:59:44,MANUAL,ACTIVE,0.0,0.0,0.0,0.0,0.0,16.8,0.0,0.0,0.0,0.0
1783562385.385986,2026-07-09 08:59:45,MANUAL,ACTIVE,0.0,0.0,0.0,0.0,0.0,16.8,0.0,0.0,0.0,0.0
1783562386.4011378,2026-07-09 08:59:46,MANUAL,ACTIVE,0.0,0.0,0.0,0.0,0.0,16.8,0.0,0.0,0.0,0.0
1783562387.4332,2026-07-09 08:59:47,MANUAL,ACTIVE,0.0,0.0,0.0,0.0,0.0,16.8,0.0,0.0,0.0,0.0
1783562388.448003,2026-07-09 08:59:48,MANUAL,ACTIVE,0.0,0.0,0.0,0.0,0.0,16.8,0.0,0.0,0.0,0.0
1783562389.464334,2026-07-09 08:59:49,MANUAL,ACTIVE,0.0,0.0,0.0,0.0,0.0,16.8,0.0,0.0,0.0,0.0
1783562390.4792054,2026-07-09 08:59:50,MANUAL,ACTIVE,0.0,0.0,0.0,0.0,0.0,16.8,0.0,0.0,0.0,0.0
1783562391.4966538,2026-07-09 08:59:51,MANUAL,ACTIVE,0.0,0.0,0.0,0.0,0.0,16.8,0.0,0.0,0.0,0.0
1783562392.511926,2026-07-09 08:59:52,MANUAL,ACTIVE,0.0,0.0,0.0,0.0,0.0,16.8,0.0,0.0,0.0,0.0
1783562393.5269575,2026-07-09 08:59:53,MANUAL,ACTIVE,0.0,0.0,0.0,0.0,0.0,16.8,0.0,0.0,0.0,0.0
1783562394.5430675,2026-07-09 08:59:54,MANUAL,ACTIVE,0.0,0.0,0.0,0.0,0.0,16.8,0.0,0.0,0.0,0.0
1783562395.5587888,2026-07-09 08:59:55,MANUAL,ACTIVE,0.0,0.0,0.0,0.0,0.0,16.8,0.0,0.0,0.0,0.0
1783562396.5602908,2026-07-09 08:59:56,MANUAL,ACTIVE,0.0,0.0,0.0,0.0,0.0,16.8,0.0,0.0,0.0,0.0
1783562397.5782251,2026-07-09 08:59:57,MANUAL,ACTIVE,0.0,0.0,0.0,0.0,0.0,16.8,0.0,0.0,0.0,0.0
1783562398.589517,2026-07-09 08:59:58,MANUAL,ACTIVE,0.0,0.0,0.0,0.0,0.0,16.8,0.0,0.0,0.0,0.0
1783562399.5895998,2026-07-09 08:59:59,MANUAL,ACTIVE,0.0,0.0,0.0,0.0,0.0,16.8,0.0,0.0,0.0,0.0
1783562400.6044621,2026-07-09 09:00:00,MANUAL,ACTIVE,0.0,0.0,0.0,0.0,0.0,16.8,0.0,0.0,0.0,0.0
1783562401.6196232,2026-07-09 09:00:01,MANUAL,ACTIVE,0.0,0.0,0.0,0.0,0.0,16.8,0.0,0.0,0.0,0.0
1783562402.6212363,2026-07-09 09:00:02,MANUAL,ACTIVE,0.0,0.0,0.0,0.0,0.0,16.8,0.0,0.0,0.0,0.0
1783562403.635115,2026-07-09 09:00:03,MANUAL,ACTIVE,0.0,0.0,0.0,0.0,0.0,16.8,0.0,0.0,0.0,0.0
1783562404.6518261,2026-07-09 09:00:04,MANUAL,ACTIVE,0.0,0.0,0.0,0.0,0.0,16.8,0.0,0.0,0.0,0.0
1783562405.6673532,2026-07-09 09:00:05,MANUAL,ACTIVE,0.0,0.0,0.0,0.0,0.0,16.8,0.0,0.0,0.0,0.0
1783562406.6825001,2026-07-09 09:00:06,MANUAL,ACTIVE,0.0,0.0,0.0,0.0,0.0,16.8,0.0,0.0,0.0,0.0
1783562407.6986635,2026-07-09 09:00:07,MANUAL,ACTIVE,0.0,0.0,0.0,0.0,0.0,16.8,0.0,0.0,0.0,0.0
1783562408.6988876,2026-07-09 09:00:08,MANUAL,ACTIVE,0.0,0.0,0.0,0.0,0.0,16.8,0.0,0.0,0.0,0.0
1783562409.7157574,2026-07-09 09:00:09,MANUAL,ACTIVE,0.0,0.0,0.0,0.0,0.0,16.8,0.0,0.0,0.0,0.0
1783562410.7301233,2026-07-09 09:00:10,MANUAL,ACTIVE,0.0,0.0,0.0,0.0,0.0,16.8,0.0,0.0,0.0,0.0
1783562411.7437553,2026-07-09 09:00:11,MANUAL,ACTIVE,0.0,0.0,0.0,0.0,0.0,16.8,0.0,0.0,0.0,0.0
1783562412.759435,2026-07-09 09:00:12,MANUAL,ACTIVE,0.0,0.0,0.0,0.0,0.0,16.8,0.0,0.0,0.0,0.0
1783562413.7607949,2026-07-09 09:00:13,MANUAL,ACTIVE,0.0,0.0,0.0,0.0,0.0,16.8,0.0,0.0,0.0,0.0
1783562414.7746043,2026-07-09 09:00:14,MANUAL,ACTIVE,0.0,0.0,0.0,0.0,0.0,16.8,0.0,0.0,0.0,0.0
1783562415.790446,2026-07-09 09:00:15,MANUAL,ACTIVE,0.0,0.0,0.0,0.0,0.0,16.8,0.0,0.0,0.0,0.0
1783562416.806128,2026-07-09 09:00:16,MANUAL,ACTIVE,0.0,0.0,0.0,0.0,0.0,16.8,0.0,0.0,0.0,0.0
1783562417.8220217,2026-07-09 09:00:17,MANUAL,ACTIVE,0.0,0.0,0.0,0.0,0.0,16.8,0.0,0.0,0.0,0.0
1783562418.8231635,2026-07-09 09:00:18,MANUAL,ACTIVE,0.0,0.0,0.0,0.0,0.0,16.8,0.0,0.0,0.0,0.0
1783562419.8232644,2026-07-09 09:00:19,MANUAL,ACTIVE,0.0,0.0,0.0,0.0,0.0,16.8,0.0,0.0,0.0,0.0
1783562420.8361855,2026-07-09 09:00:20,MANUAL,ACTIVE,0.0,0.0,0.0,0.0,0.0,16.8,0.0,0.0,0.0,0.0
1783562421.8365126,2026-07-09 09:00:21,MANUAL,ACTIVE,0.0,0.0,0.0,0.0,0.0,16.8,0.0,0.0,0.0,0.0
1783562422.851237,2026-07-09 09:00:22,MANUAL,ACTIVE,0.0,0.0,0.0,0.0,0.0,16.8,0.0,0.0,0.0,0.0
1783562423.866715,2026-07-09 09:00:23,MANUAL,ACTIVE,0.0,0.0,0.0,0.0,0.0,16.8,0.0,0.0,0.0,0.0
1783562424.882433,2026-07-09 09:00:24,MANUAL,ACTIVE,0.0,0.0,0.0,0.0,0.0,16.8,0.0,0.0,0.0,0.0
1783562425.882647,2026-07-09 09:00:25,MANUAL,ACTIVE,0.0,0.0,0.0,0.0,0.0,16.8,0.0,0.0,0.0,0.0
1783562426.8983116,2026-07-09 09:00:26,MANUAL,ACTIVE,0.0,0.0,0.0,0.0,0.0,16.8,0.0,0.0,0.0,0.0
1783562427.9139757,2026-07-09 09:00:27,MANUAL,ACTIVE,0.0,0.0,0.0,0.0,0.0,16.8,0.0,0.0,0.0,0.0
1783562428.9292903,2026-07-09 09:00:28,MANUAL,ACTIVE,0.0,0.0,0.0,0.0,0.0,16.8,0.0,0.0,0.0,0.0
1783562429.9294121,2026-07-09 09:00:29,MANUAL,ACTIVE,0.0,0.0,0.0,0.0,0.0,16.8,0.0,0.0,0.0,0.0
1783562430.9438434,2026-07-09 09:00:30,MANUAL,ACTIVE,0.0,0.0,0.0,0.0,0.0,16.8,0.0,0.0,0.0,0.0
1783562431.9603693,2026-07-09 09:00:31,MANUAL,ACTIVE,0.0,0.0,0.0,0.0,0.0,16.8,0.0,0.0,0.0,0.0
1783562432.9753146,2026-07-09 09:00:32,MANUAL,ACTIVE,0.0,0.0,0.0,0.0,0.0,16.8,0.0,0.0,0.0,0.0
1783562433.9914048,2026-07-09 09:00:33,MANUAL,ACTIVE,0.0,0.0,0.0,0.0,0.0,16.8,0.0,0.0,0.0,0.0
1783562435.0072095,2026-07-09 09:00:35,MANUAL,ACTIVE,0.0,0.0,0.0,0.0,0.0,16.8,0.0,0.0,0.0,0.0
1783562436.0232425,2026-07-09 09:00:36,MANUAL,ACTIVE,0.0,0.0,0.0,0.0,0.0,16.8,0.0,0.0,0.0,0.0
1783562437.038869,2026-07-09 09:00:37,MANUAL,ACTIVE,0.0,0.0,0.0,0.0,0.0,16.8,0.0,0.0,0.0,0.0
1783562438.0542958,2026-07-09 09:00:38,MANUAL,ACTIVE,0.0,0.0,0.0,0.0,0.0,16.8,0.0,0.0,0.0,0.0
1783562439.0701349,2026-07-09 09:00:39,MANUAL,ACTIVE,0.0,0.0,0.0,0.0,0.0,16.8,0.0,0.0,0.0,0.0
1783562440.0856323,2026-07-09 09:00:40,MANUAL,ACTIVE,0.0,0.0,0.0,0.0,0.0,16.8,0.0,0.0,0.0,0.0
1783562441.086445,2026-07-09 09:00:41,MANUAL,ACTIVE,0.0,0.0,0.0,0.0,0.0,16.8,0.0,0.0,0.0,0.0
1783562442.1013904,2026-07-09 09:00:42,MANUAL,ACTIVE,0.0,0.0,0.0,0.0,0.0,16.8,0.0,0.0,0.0,0.0
1783562443.1165364,2026-07-09 09:00:43,MANUAL,ACTIVE,0.0,0.0,0.0,0.0,0.0,16.8,0.0,0.0,0.0,0.0
1783562444.132843,2026-07-09 09:00:44,MANUAL,ACTIVE,0.0,0.0,0.0,0.0,0.0,16.8,0.0,0.0,0.0,0.0
1783562445.1330104,2026-07-09 09:00:45,MANUAL,ACTIVE,0.0,0.0,0.0,0.0,0.0,16.8,0.0,0.0,0.0,0.0
1783562446.147667,2026-07-09 09:00:46,MANUAL,ACTIVE,0.0,0.0,0.0,0.0,0.0,16.8,0.0,0.0,0.0,0.0
1783562447.1480308,2026-07-09 09:00:47,MANUAL,ACTIVE,0.0,0.0,0.0,0.0,0.0,16.8,0.0,0.0,0.0,0.0
1783562448.1622417,2026-07-09 09:00:48,MANUAL,ACTIVE,0.0,0.0,0.0,0.0,0.0,16.8,0.0,0.0,0.0,0.0
1783562449.1792543,2026-07-09 09:00:49,MANUAL,ACTIVE,0.0,0.0,0.0,0.0,0.0,16.8,0.0,0.0,0.0,0.0
1783562450.179292,2026-07-09 09:00:50,MANUAL,ACTIVE,0.0,0.0,0.0,0.0,0.0,16.8,0.0,0.0,0.0,0.0
1783562451.194275,2026-07-09 09:00:51,MANUAL,ACTIVE,0.0,0.0,0.0,0.0,0.0,16.8,0.0,0.0,0.0,0.0
1783562452.208984,2026-07-09 09:00:52,MANUAL,ACTIVE,0.0,0.0,0.0,0.0,0.0,16.8,0.0,0.0,0.0,0.0
1783562453.2093942,2026-07-09 09:00:53,MANUAL,ACTIVE,0.0,0.0,0.0,0.0,0.0,16.8,0.0,0.0,0.0,0.0
1783562454.2262812,2026-07-09 09:00:54,MANUAL,ACTIVE,0.0,0.0,0.0,0.0,0.0,16.8,0.0,0.0,0.0,0.0
1783562455.2399518,2026-07-09 09:00:55,MANUAL,ACTIVE,0.0,0.0,0.0,0.0,0.0,16.8,0.0,0.0,0.0,0.0
1783562456.2412462,2026-07-09 09:00:56,MANUAL,ACTIVE,0.0,0.0,0.0,0.0,0.0,16.8,0.0,0.0,0.0,0.0
1783562457.2547934,2026-07-09 09:00:57,MANUAL,ACTIVE,0.0,0.0,0.0,0.0,0.0,16.8,0.0,0.0,0.0,0.0
1783562458.2706268,2026-07-09 09:00:58,MANUAL,ACTIVE,0.0,0.0,0.0,0.0,0.0,16.8,0.0,0.0,0.0,0.0
1783562459.2886636,2026-07-09 09:00:59,MANUAL,ACTIVE,0.0,0.0,0.0,0.0,0.0,16.8,0.0,0.0,0.0,0.0
1783562460.301021,2026-07-09 09:01:00,MANUAL,ACTIVE,0.0,0.0,0.0,0.0,0.0,16.8,0.0,0.0,0.0,0.0
1783562461.3170493,2026-07-09 09:01:01,MANUAL,ACTIVE,0.0,0.0,0.0,0.0,0.0,16.8,0.0,0.0,0.0,0.0
1783562462.3174002,2026-07-09 09:01:02,MANUAL,ACTIVE,0.0,0.0,0.0,0.0,0.0,16.8,0.0,0.0,0.0,0.0
1783562463.3196735,2026-07-09 09:01:03,MANUAL,ACTIVE,0.0,0.0,0.0,0.0,0.0,16.8,0.0,0.0,0.0,0.0
1783562464.3308377,2026-07-09 09:01:04,MANUAL,ACTIVE,0.0,0.0,0.0,0.0,0.0,16.8,0.0,0.0,0.0,0.0
1783562465.3313138,2026-07-09 09:01:05,MANUAL,ACTIVE,0.0,0.0,0.0,0.0,0.0,16.8,0.0,0.0,0.0,0.0
1783562466.3465385,2026-07-09 09:01:06,MANUAL,ACTIVE,0.0,0.0,0.0,0.0,0.0,16.8,0.0,0.0,0.0,0.0
1783562467.3633099,2026-07-09 09:01:07,MANUAL,ACTIVE,0.0,0.0,0.0,0.0,0.0,16.8,0.0,0.0,0.0,0.0
1783562468.3785698,2026-07-09 09:01:08,MANUAL,ACTIVE,0.0,0.0,0.0,0.0,0.0,16.8,0.0,0.0,0.0,0.0
1783562469.394476,2026-07-09 09:01:09,MANUAL,ACTIVE,0.0,0.0,0.0,0.0,0.0,16.8,0.0,0.0,0.0,0.0
1783562470.427369,2026-07-09 09:01:10,MANUAL,ACTIVE,0.0,0.0,0.0,0.0,0.0,16.8,0.0,0.0,0.0,0.0
1783562471.4429078,2026-07-09 09:01:11,MANUAL,ACTIVE,0.0,0.0,0.0,0.0,0.0,16.8,0.0,0.0,0.0,0.0
1783562472.4432333,2026-07-09 09:01:12,MANUAL,ACTIVE,0.0,0.0,0.0,0.0,0.0,16.8,0.0,0.0,0.0,0.0
1783562473.4587634,2026-07-09 09:01:13,MANUAL,ACTIVE,0.0,0.0,0.0,0.0,0.0,16.8,0.0,0.0,0.0,0.0
1783562474.4732203,2026-07-09 09:01:14,MANUAL,ACTIVE,0.0,0.0,0.0,0.0,0.0,16.8,0.0,0.0,0.0,0.0
1783562475.505277,2026-07-09 09:01:15,MANUAL,ACTIVE,0.0,0.0,0.0,0.0,0.0,16.8,0.0,0.0,0.0,0.0
1783562476.5059876,2026-07-09 09:01:16,MANUAL,ACTIVE,0.0,0.0,0.0,0.0,0.0,16.8,0.0,0.0,0.0,0.0
1783562477.5221329,2026-07-09 09:01:17,MANUAL,ACTIVE,0.0,0.0,0.0,0.0,0.0,16.8,0.0,0.0,0.0,0.0
1783562478.5363398,2026-07-09 09:01:18,MANUAL,ACTIVE,0.0,0.0,0.0,0.0,0.0,16.8,0.0,0.0,0.0,0.0
1783562479.5370243,2026-07-09 09:01:19,MANUAL,ACTIVE,0.0,0.0,0.0,0.0,0.0,16.8,0.0,0.0,0.0,0.0
1783562480.5512054,2026-07-09 09:01:20,MANUAL,ACTIVE,0.0,0.0,0.0,0.0,0.0,16.8,0.0,0.0,0.0,0.0
1783562481.5672224,2026-07-09 09:01:21,MANUAL,ACTIVE,0.0,0.0,0.0,0.0,0.0,16.8,0.0,0.0,0.0,0.0
1783562482.5842102,2026-07-09 09:01:22,MANUAL,ACTIVE,0.0,0.0,0.0,0.0,0.0,16.8,0.0,0.0,0.0,0.0
1783562483.599598,2026-07-09 09:01:23,MANUAL,ACTIVE,0.0,0.0,0.0,0.0,0.0,16.8,0.0,0.0,0.0,0.0
1783562484.6145635,2026-07-09 09:01:24,MANUAL,ACTIVE,0.0,0.0,0.0,0.0,0.0,16.8,0.0,0.0,0.0,0.0
1783562485.6294138,2026-07-09 09:01:25,MANUAL,ACTIVE,0.0,0.0,0.0,0.0,0.0,16.8,0.0,0.0,0.0,0.0
1783562486.6450422,2026-07-09 09:01:26,MANUAL,ACTIVE,0.0,0.0,0.0,0.0,0.0,16.8,0.0,0.0,0.0,0.0
1783562487.6609483,2026-07-09 09:01:27,MANUAL,ACTIVE,0.0,0.0,0.0,0.0,0.0,16.8,0.0,0.0,0.0,0.0
1783562488.6770704,2026-07-09 09:01:28,MANUAL,ACTIVE,0.0,0.0,0.0,0.0,0.0,16.8,0.0,0.0,0.0,0.0
1783562489.695123,2026-07-09 09:01:29,MANUAL,ACTIVE,0.0,0.0,0.0,0.0,0.0,16.8,0.0,0.0,0.0,0.0
1783562490.7096677,2026-07-09 09:01:30,MANUAL,ACTIVE,0.0,0.0,0.0,0.0,0.0,16.8,0.0,0.0,0.0,0.0
1783562491.7249508,2026-07-09 09:01:31,MANUAL,ACTIVE,0.0,0.0,0.0,0.0,0.0,16.8,0.0,0.0,0.0,0.0
1783562492.7396429,2026-07-09 09:01:32,MANUAL,ACTIVE,0.0,0.0,0.0,0.0,0.0,16.8,0.0,0.0,0.0,0.0
1783562493.7575133,2026-07-09 09:01:33,MANUAL,ACTIVE,0.0,0.0,0.0,0.0,0.0,16.8,0.0,0.0,0.0,0.0
1783562494.7717457,2026-07-09 09:01:34,MANUAL,ACTIVE,0.0,0.0,0.0,0.0,0.0,16.8,0.0,0.0,0.0,0.0
1783562495.787292,2026-07-09 09:01:35,MANUAL,ACTIVE,0.0,0.0,0.0,0.0,0.0,16.8,0.0,0.0,0.0,0.0
1783562496.792166,2026-07-09 09:01:36,MANUAL,ACTIVE,0.0,0.0,0.0,0.0,0.0,16.8,0.0,0.0,0.0,0.0
1783562497.8044815,2026-07-09 09:01:37,MANUAL,ACTIVE,0.0,0.0,0.0,0.0,0.0,16.8,0.0,0.0,0.0,0.0
1783562498.8179014,2026-07-09 09:01:38,MANUAL,ACTIVE,0.0,0.0,0.0,0.0,0.0,16.8,0.0,0.0,0.0,0.0
1783562499.8181076,2026-07-09 09:01:39,MANUAL,ACTIVE,0.0,0.0,0.0,0.0,0.0,16.8,0.0,0.0,0.0,0.0
1783562500.8240292,2026-07-09 09:01:40,MANUAL,ACTIVE,0.0,0.0,0.0,0.0,0.0,16.8,0.0,0.0,0.0,0.0
1783562501.8316872,2026-07-09 09:01:41,MANUAL,ACTIVE,0.0,0.0,0.0,0.0,0.0,16.8,0.0,0.0,0.0,0.0
1783562502.8510945,2026-07-09 09:01:42,MANUAL,ACTIVE,0.0,0.0,0.0,0.0,0.0,16.8,0.0,0.0,0.0,0.0
1783562503.8631403,2026-07-09 09:01:43,MANUAL,ACTIVE,0.0,0.0,0.0,0.0,0.0,16.8,0.0,0.0,0.0,0.0
1783562504.863963,2026-07-09 09:01:44,MANUAL,ACTIVE,0.0,0.0,0.0,0.0,0.0,16.8,0.0,0.0,0.0,0.0
1783562505.8777735,2026-07-09 09:01:45,MANUAL,ACTIVE,0.0,0.0,0.0,0.0,0.0,16.8,0.0,0.0,0.0,0.0
1783562506.897932,2026-07-09 09:01:46,MANUAL,ACTIVE,0.0,0.0,0.0,0.0,0.0,16.8,0.0,0.0,0.0,0.0
1783562507.9096372,2026-07-09 09:01:47,MANUAL,ACTIVE,0.0,0.0,0.0,0.0,0.0,16.8,0.0,0.0,0.0,0.0
1783562508.9099932,2026-07-09 09:01:48,MANUAL,ACTIVE,0.0,0.0,0.0,0.0,0.0,16.8,0.0,0.0,0.0,0.0
1783562509.9254093,2026-07-09 09:01:49,MANUAL,ACTIVE,0.0,0.0,0.0,0.0,0.0,16.8,0.0,0.0,0.0,0.0
1783562510.9410536,2026-07-09 09:01:50,MANUAL,ACTIVE,0.0,0.0,0.0,0.0,0.0,16.8,0.0,0.0,0.0,0.0
1783562511.9420063,2026-07-09 09:01:51,MANUAL,ACTIVE,0.0,0.0,0.0,0.0,0.0,16.8,0.0,0.0,0.0,0.0
1783562512.9579675,2026-07-09 09:01:52,MANUAL,ACTIVE,0.0,0.0,0.0,0.0,0.0,16.8,0.0,0.0,0.0,0.0
1783562513.9724247,2026-07-09 09:01:53,MANUAL,ACTIVE,0.0,0.0,0.0,0.0,0.0,16.8,0.0,0.0,0.0,0.0
1783562514.9878516,2026-07-09 09:01:54,MANUAL,ACTIVE,0.0,0.0,0.0,0.0,0.0,16.8,0.0,0.0,0.0,0.0
1783562516.004029,2026-07-09 09:01:56,MANUAL,ACTIVE,0.0,0.0,0.0,0.0,0.0,16.8,0.0,0.0,0.0,0.0
1783562517.0208201,2026-07-09 09:01:57,MANUAL,ACTIVE,0.0,0.0,0.0,0.0,0.0,16.8,0.0,0.0,0.0,0.0
1783562518.0386353,2026-07-09 09:01:58,MANUAL,ACTIVE,0.0,0.0,0.0,0.0,0.0,16.8,0.0,0.0,0.0,0.0
1783562519.0513074,2026-07-09 09:01:59,MANUAL,ACTIVE,0.0,0.0,0.0,0.0,0.0,16.8,0.0,0.0,0.0,0.0
1783562520.0674295,2026-07-09 09:02:00,MANUAL,ACTIVE,0.0,0.0,0.0,0.0,0.0,16.8,0.0,0.0,0.0,0.0
1783562521.0824573,2026-07-09 09:02:01,MANUAL,ACTIVE,0.0,0.0,0.0,0.0,0.0,16.8,0.0,0.0,0.0,0.0
1783562522.0829716,2026-07-09 09:02:02,MANUAL,ACTIVE,0.0,0.0,0.0,0.0,0.0,16.8,0.0,0.0,0.0,0.0
1783562523.0989993,2026-07-09 09:02:03,MANUAL,ACTIVE,0.0,0.0,0.0,0.0,0.0,16.8,0.0,0.0,0.0,0.0
1783562524.1050513,2026-07-09 09:02:04,MANUAL,ACTIVE,0.0,0.0,0.0,0.0,0.0,16.8,0.0,0.0,0.0,0.0
1783562525.1123822,2026-07-09 09:02:05,MANUAL,ACTIVE,0.0,0.0,0.0,0.0,0.0,16.8,0.0,0.0,0.0,0.0
1783562526.1131294,2026-07-09 09:02:06,MANUAL,ACTIVE,0.0,0.0,0.0,0.0,0.0,16.8,0.0,0.0,0.0,0.0
1783562527.1275842,2026-07-09 09:02:07,MANUAL,ACTIVE,0.0,0.0,0.0,0.0,0.0,16.8,0.0,0.0,0.0,0.0
1783562528.1305616,2026-07-09 09:02:08,MANUAL,ACTIVE,0.0,0.0,0.0,0.0,0.0,16.8,0.0,0.0,0.0,0.0
1783562529.1432118,2026-07-09 09:02:09,MANUAL,ACTIVE,0.0,0.0,0.0,0.0,0.0,16.8,0.0,0.0,0.0,0.0
1783562530.159815,2026-07-09 09:02:10,MANUAL,ACTIVE,0.0,0.0,0.0,0.0,0.0,16.8,0.0,0.0,0.0,0.0
1783562531.1735818,2026-07-09 09:02:11,MANUAL,ACTIVE,0.0,0.0,0.0,0.0,0.0,16.8,0.0,0.0,0.0,0.0
1783562532.174076,2026-07-09 09:02:12,MANUAL,ACTIVE,0.0,0.0,0.0,0.0,0.0,16.8,0.0,0.0,0.0,0.0
1783562533.1886687,2026-07-09 09:02:13,MANUAL,ACTIVE,0.0,0.0,0.0,0.0,0.0,16.8,0.0,0.0,0.0,0.0
1783562534.2052658,2026-07-09 09:02:14,MANUAL,ACTIVE,0.0,0.0,0.0,0.0,0.0,16.8,0.0,0.0,0.0,0.0
1783562535.2213438,2026-07-09 09:02:15,MANUAL,ACTIVE,0.0,0.0,0.0,0.0,0.0,16.8,0.0,0.0,0.0,0.0
1783562536.2531078,2026-07-09 09:02:16,MANUAL,ACTIVE,0.0,0.0,0.0,0.0,0.0,16.8,0.0,0.0,0.0,0.0
1783562537.268984,2026-07-09 09:02:17,MANUAL,ACTIVE,0.0,0.0,0.0,0.0,0.0,16.8,0.0,0.0,0.0,0.0
1783562538.2844884,2026-07-09 09:02:18,MANUAL,ACTIVE,0.0,0.0,0.0,0.0,0.0,16.8,0.0,0.0,0.0,0.0
1783562539.284658,2026-07-09 09:02:19,MANUAL,ACTIVE,0.0,0.0,0.0,0.0,0.0,16.8,0.0,0.0,0.0,0.0
1783562540.3005242,2026-07-09 09:02:20,MANUAL,ACTIVE,0.0,0.0,0.0,0.0,0.0,16.8,0.0,0.0,0.0,0.0
1783562541.300812,2026-07-09 09:02:21,MANUAL,ACTIVE,0.0,0.0,0.0,0.0,0.0,16.8,0.0,0.0,0.0,0.0
1783562542.315563,2026-07-09 09:02:22,MANUAL,ACTIVE,0.0,0.0,0.0,0.0,0.0,16.8,0.0,0.0,0.0,0.0
1783562543.3297381,2026-07-09 09:02:23,MANUAL,ACTIVE,0.0,0.0,0.0,0.0,0.0,16.8,0.0,0.0,0.0,0.0
1783562544.330196,2026-07-09 09:02:24,MANUAL,ACTIVE,0.0,0.0,0.0,0.0,0.0,16.8,0.0,0.0,0.0,0.0
1783562545.3308978,2026-07-09 09:02:25,MANUAL,ACTIVE,0.0,0.0,0.0,0.0,0.0,16.8,0.0,0.0,0.0,0.0
1783562546.3447216,2026-07-09 09:02:26,MANUAL,ACTIVE,0.0,0.0,0.0,0.0,0.0,16.8,0.0,0.0,0.0,0.0
1783562547.363443,2026-07-09 09:02:27,MANUAL,ACTIVE,0.0,0.0,0.0,0.0,0.0,16.8,0.0,0.0,0.0,0.0
1783562548.3644822,2026-07-09 09:02:28,MANUAL,ACTIVE,0.0,0.0,0.0,0.0,0.0,16.8,0.0,0.0,0.0,0.0
1783562549.3759692,2026-07-09 09:02:29,MANUAL,ACTIVE,0.0,0.0,0.0,0.0,0.0,16.8,0.0,0.0,0.0,0.0
1783562550.3807285,2026-07-09 09:02:30,MANUAL,ACTIVE,0.0,0.0,0.0,0.0,0.0,16.8,0.0,0.0,0.0,0.0
1783562551.390823,2026-07-09 09:02:31,MANUAL,ACTIVE,0.0,0.0,0.0,0.0,0.0,16.8,0.0,0.0,0.0,0.0
1783562552.3933463,2026-07-09 09:02:32,MANUAL,ACTIVE,0.0,0.0,0.0,0.0,0.0,16.8,0.0,0.0,0.0,0.0
1783562553.4074376,2026-07-09 09:02:33,MANUAL,ACTIVE,0.0,0.0,0.0,0.0,0.0,16.8,0.0,0.0,0.0,0.0
1783562554.420692,2026-07-09 09:02:34,MANUAL,ACTIVE,0.0,0.0,0.0,0.0,0.0,16.8,0.0,0.0,0.0,0.0
1783562555.4378858,2026-07-09 09:02:35,MANUAL,ACTIVE,0.0,0.0,0.0,0.0,0.0,16.8,0.0,0.0,0.0,0.0
1783562556.4533365,2026-07-09 09:02:36,MANUAL,ACTIVE,0.0,0.0,0.0,0.0,0.0,16.8,0.0,0.0,0.0,0.0
1783562557.4687967,2026-07-09 09:02:37,MANUAL,ACTIVE,0.0,0.0,0.0,0.0,0.0,16.8,0.0,0.0,0.0,0.0
1783562558.472037,2026-07-09 09:02:38,MANUAL,ACTIVE,0.0,0.0,0.0,0.0,0.0,16.8,0.0,0.0,0.0,0.0
1783562559.503293,2026-07-09 09:02:39,MANUAL,ACTIVE,0.0,0.0,0.0,0.0,0.0,16.8,0.0,0.0,0.0,0.0
1783562560.5151637,2026-07-09 09:02:40,MANUAL,ACTIVE,0.0,0.0,0.0,0.0,0.0,16.8,0.0,0.0,0.0,0.0
1783562561.5315242,2026-07-09 09:02:41,MANUAL,ACTIVE,0.0,0.0,0.0,0.0,0.0,16.8,0.0,0.0,0.0,0.0
1783562562.5464675,2026-07-09 09:02:42,MANUAL,ACTIVE,0.0,0.0,0.0,0.0,0.0,16.8,0.0,0.0,0.0,0.0
1783562563.5487835,2026-07-09 09:02:43,MANUAL,ACTIVE,0.0,0.0,0.0,0.0,0.0,16.8,0.0,0.0,0.0,0.0
1783562564.5617003,2026-07-09 09:02:44,MANUAL,ACTIVE,0.0,0.0,0.0,0.0,0.0,16.8,0.0,0.0,0.0,0.0
1783562565.564502,2026-07-09 09:02:45,MANUAL,ACTIVE,0.0,0.0,0.0,0.0,0.0,16.8,0.0,0.0,0.0,0.0
1783562566.577311,2026-07-09 09:02:46,MANUAL,ACTIVE,0.0,0.0,0.0,0.0,0.0,16.8,0.0,0.0,0.0,0.0
1783562567.5924032,2026-07-09 09:02:47,MANUAL,ACTIVE,0.0,0.0,0.0,0.0,0.0,16.8,0.0,0.0,0.0,0.0
1783562568.6084235,2026-07-09 09:02:48,MANUAL,ACTIVE,0.0,0.0,0.0,0.0,0.0,16.8,0.0,0.0,0.0,0.0
1783562569.626745,2026-07-09 09:02:49,MANUAL,ACTIVE,0.0,0.0,0.0,0.0,0.0,16.8,0.0,0.0,0.0,0.0
1783562570.64134,2026-07-09 09:02:50,MANUAL,ACTIVE,0.0,0.0,0.0,0.0,0.0,16.8,0.0,0.0,0.0,0.0
1783562571.655361,2026-07-09 09:02:51,MANUAL,ACTIVE,0.0,0.0,0.0,0.0,0.0,16.8,0.0,0.0,0.0,0.0
1783562572.6722972,2026-07-09 09:02:52,MANUAL,ACTIVE,0.0,0.0,0.0,0.0,0.0,16.8,0.0,0.0,0.0,0.0
1783562573.6871917,2026-07-09 09:02:53,MANUAL,ACTIVE,0.0,0.0,0.0,0.0,0.0,16.8,0.0,0.0,0.0,0.0
1783562574.708571,2026-07-09 09:02:54,MANUAL,ACTIVE,0.0,0.0,0.0,0.0,0.0,16.8,0.0,0.0,0.0,0.0
1783562575.7183797,2026-07-09 09:02:55,MANUAL,ACTIVE,0.0,0.0,0.0,0.0,0.0,16.8,0.0,0.0,0.0,0.0
1783562576.7341058,2026-07-09 09:02:56,MANUAL,ACTIVE,0.0,0.0,0.0,0.0,0.0,16.8,0.0,0.0,0.0,0.0
1783562577.7530143,2026-07-09 09:02:57,MANUAL,ACTIVE,0.0,0.0,0.0,0.0,0.0,16.8,0.0,0.0,0.0,0.0
1783562578.7673373,2026-07-09 09:02:58,MANUAL,ACTIVE,0.0,0.0,0.0,0.0,0.0,16.8,0.0,0.0,0.0,0.0
1783562579.7683582,2026-07-09 09:02:59,MANUAL,ACTIVE,0.0,0.0,0.0,0.0,0.0,16.8,0.0,0.0,0.0,0.0
1783562580.7796788,2026-07-09 09:03:00,MANUAL,ACTIVE,0.0,0.0,0.0,0.0,0.0,16.8,0.0,0.0,0.0,0.0
1783562581.7812123,2026-07-09 09:03:01,MANUAL,ACTIVE,0.0,0.0,0.0,0.0,0.0,16.8,0.0,0.0,0.0,0.0
1783562582.7975054,2026-07-09 09:03:02,MANUAL,ACTIVE,0.0,0.0,0.0,0.0,0.0,16.8,0.0,0.0,0.0,0.0
1783562583.8108747,2026-07-09 09:03:03,MANUAL,ACTIVE,0.0,0.0,0.0,0.0,0.0,16.8,0.0,0.0,0.0,0.0
1783562584.8111994,2026-07-09 09:03:04,MANUAL,ACTIVE,0.0,0.0,0.0,0.0,0.0,16.8,0.0,0.0,0.0,0.0
1783562585.825454,2026-07-09 09:03:05,MANUAL,ACTIVE,0.0,0.0,0.0,0.0,0.0,16.8,0.0,0.0,0.0,0.0
1783562586.8258038,2026-07-09 09:03:06,MANUAL,ACTIVE,0.0,0.0,0.0,0.0,0.0,16.8,0.0,0.0,0.0,0.0
1783562587.841825,2026-07-09 09:03:07,MANUAL,ACTIVE,0.0,0.0,0.0,0.0,0.0,16.8,0.0,0.0,0.0,0.0
1783562588.8562334,2026-07-09 09:03:08,MANUAL,ACTIVE,0.0,0.0,0.0,0.0,0.0,16.8,0.0,0.0,0.0,0.0
1783562589.8579113,2026-07-09 09:03:09,MANUAL,ACTIVE,0.0,0.0,0.0,0.0,0.0,16.8,0.0,0.0,0.0,0.0
1783562590.8724685,2026-07-09 09:03:10,MANUAL,ACTIVE,0.0,0.0,0.0,0.0,0.0,16.8,0.0,0.0,0.0,0.0
1783562591.887677,2026-07-09 09:03:11,MANUAL,ACTIVE,0.0,0.0,0.0,0.0,0.0,16.8,0.0,0.0,0.0,0.0
1783562592.9027138,2026-07-09 09:03:12,MANUAL,ACTIVE,0.0,0.0,0.0,0.0,0.0,16.8,0.0,0.0,0.0,0.0
1783562593.919722,2026-07-09 09:03:13,MANUAL,ACTIVE,0.0,0.0,0.0,0.0,0.0,16.8,0.0,0.0,0.0,0.0
1783562594.934803,2026-07-09 09:03:14,MANUAL,ACTIVE,0.0,0.0,0.0,0.0,0.0,16.8,0.0,0.0,0.0,0.0
1783562595.9504592,2026-07-09 09:03:15,MANUAL,ACTIVE,0.0,0.0,0.0,0.0,0.0,16.8,0.0,0.0,0.0,0.0
1783562596.951038,2026-07-09 09:03:16,MANUAL,ACTIVE,0.0,0.0,0.0,0.0,0.0,16.8,0.0,0.0,0.0,0.0
1783562597.9657555,2026-07-09 09:03:17,MANUAL,ACTIVE,0.0,0.0,0.0,0.0,0.0,16.8,0.0,0.0,0.0,0.0
1783562598.981607,2026-07-09 09:03:18,MANUAL,ACTIVE,0.0,0.0,0.0,0.0,0.0,16.8,0.0,0.0,0.0,0.0
1783562600.0026371,2026-07-09 09:03:20,MANUAL,ACTIVE,0.0,0.0,0.0,0.0,0.0,16.8,0.0,0.0,0.0,0.0
1783562601.0131514,2026-07-09 09:03:21,MANUAL,ACTIVE,0.0,0.0,0.0,0.0,0.0,16.8,0.0,0.0,0.0,0.0
1783562602.013129,2026-07-09 09:03:22,MANUAL,ACTIVE,0.0,0.0,0.0,0.0,0.0,16.8,0.0,0.0,0.0,0.0
1783562603.0285075,2026-07-09 09:03:23,MANUAL,ACTIVE,0.0,0.0,0.0,0.0,0.0,16.8,0.0,0.0,0.0,0.0
1783562604.043786,2026-07-09 09:03:24,MANUAL,ACTIVE,0.0,0.0,0.0,0.0,0.0,16.8,0.0,0.0,0.0,0.0
1783562605.0590293,2026-07-09 09:03:25,MANUAL,ACTIVE,0.0,0.0,0.0,0.0,0.0,16.8,0.0,0.0,0.0,0.0
1783562606.0761745,2026-07-09 09:03:26,MANUAL,ACTIVE,0.0,0.0,0.0,0.0,0.0,16.8,0.0,0.0,0.0,0.0
1783562607.0899568,2026-07-09 09:03:27,MANUAL,ACTIVE,0.0,0.0,0.0,0.0,0.0,16.8,0.0,0.0,0.0,0.0
1783562608.105698,2026-07-09 09:03:28,MANUAL,ACTIVE,0.0,0.0,0.0,0.0,0.0,16.8,0.0,0.0,0.0,0.0
1783562609.121401,2026-07-09 09:03:29,MANUAL,ACTIVE,0.0,0.0,0.0,0.0,0.0,16.8,0.0,0.0,0.0,0.0
1783562610.1230147,2026-07-09 09:03:30,MANUAL,ACTIVE,0.0,0.0,0.0,0.0,0.0,16.8,0.0,0.0,0.0,0.0
1783562611.1364474,2026-07-09 09:03:31,MANUAL,ACTIVE,0.0,0.0,0.0,0.0,0.0,16.8,0.0,0.0,0.0,0.0
1783562612.1520138,2026-07-09 09:03:32,MANUAL,ACTIVE,0.0,0.0,0.0,0.0,0.0,16.8,0.0,0.0,0.0,0.0
1783562613.153417,2026-07-09 09:03:33,MANUAL,ACTIVE,0.0,0.0,0.0,0.0,0.0,16.8,0.0,0.0,0.0,0.0
1783562614.1669552,2026-07-09 09:03:34,MANUAL,ACTIVE,0.0,0.0,0.0,0.0,0.0,16.8,0.0,0.0,0.0,0.0
1783562615.1827793,2026-07-09 09:03:35,MANUAL,ACTIVE,0.0,0.0,0.0,0.0,0.0,16.8,0.0,0.0,0.0,0.0
1783562616.183341,2026-07-09 09:03:36,MANUAL,ACTIVE,0.0,0.0,0.0,0.0,0.0,16.8,0.0,0.0,0.0,0.0
1783562617.1985285,2026-07-09 09:03:37,MANUAL,ACTIVE,0.0,0.0,0.0,0.0,0.0,16.8,0.0,0.0,0.0,0.0
1783562618.2135203,2026-07-09 09:03:38,MANUAL,ACTIVE,0.0,0.0,0.0,0.0,0.0,16.8,0.0,0.0,0.0,0.0
1783562619.2295828,2026-07-09 09:03:39,MANUAL,ACTIVE,0.0,0.0,0.0,0.0,0.0,16.8,0.0,0.0,0.0,0.0
1783562620.2296827,2026-07-09 09:03:40,MANUAL,ACTIVE,0.0,0.0,0.0,0.0,0.0,16.8,0.0,0.0,0.0,0.0
1783562621.230733,2026-07-09 09:03:41,MANUAL,ACTIVE,0.0,0.0,0.0,0.0,0.0,16.8,0.0,0.0,0.0,0.0
1783562622.2312484,2026-07-09 09:03:42,MANUAL,ACTIVE,0.0,0.0,0.0,0.0,0.0,16.8,0.0,0.0,0.0,0.0
1783562623.2430313,2026-07-09 09:03:43,MANUAL,ACTIVE,0.0,0.0,0.0,0.0,0.0,16.8,0.0,0.0,0.0,0.0
1783562624.2432222,2026-07-09 09:03:44,MANUAL,ACTIVE,0.0,0.0,0.0,0.0,0.0,16.8,0.0,0.0,0.0,0.0
1783562625.2581418,2026-07-09 09:03:45,MANUAL,ACTIVE,0.0,0.0,0.0,0.0,0.0,16.8,0.0,0.0,0.0,0.0
1783562626.2742467,2026-07-09 09:03:46,MANUAL,ACTIVE,0.0,0.0,0.0,0.0,0.0,16.8,0.0,0.0,0.0,0.0
1783562627.289934,2026-07-09 09:03:47,MANUAL,ACTIVE,0.0,0.0,0.0,0.0,0.0,16.8,0.0,0.0,0.0,0.0
1783562628.305612,2026-07-09 09:03:48,MANUAL,ACTIVE,0.0,0.0,0.0,0.0,0.0,16.8,0.0,0.0,0.0,0.0
1783562629.3216982,2026-07-09 09:03:49,MANUAL,ACTIVE,0.0,0.0,0.0,0.0,0.0,16.8,0.0,0.0,0.0,0.0
1783562630.321874,2026-07-09 09:03:50,MANUAL,ACTIVE,0.0,0.0,0.0,0.0,0.0,16.8,0.0,0.0,0.0,0.0
1783562631.3525918,2026-07-09 09:03:51,MANUAL,ACTIVE,0.0,0.0,0.0,0.0,0.0,16.8,0.0,0.0,0.0,0.0
1783562632.3526156,2026-07-09 09:03:52,MANUAL,ACTIVE,0.0,0.0,0.0,0.0,0.0,16.8,0.0,0.0,0.0,0.0
1783562633.368337,2026-07-09 09:03:53,MANUAL,ACTIVE,0.0,0.0,0.0,0.0,0.0,16.8,0.0,0.0,0.0,0.0
1783562634.370205,2026-07-09 09:03:54,MANUAL,ACTIVE,0.0,0.0,0.0,0.0,0.0,16.8,0.0,0.0,0.0,0.0
1783562635.3830783,2026-07-09 09:03:55,MANUAL,ACTIVE,0.0,0.0,0.0,0.0,0.0,16.8,0.0,0.0,0.0,0.0
1783562636.3996272,2026-07-09 09:03:56,MANUAL,ACTIVE,0.0,0.0,0.0,0.0,0.0,16.8,0.0,0.0,0.0,0.0
1783562637.3995194,2026-07-09 09:03:57,MANUAL,ACTIVE,0.0,0.0,0.0,0.0,0.0,16.8,0.0,0.0,0.0,0.0
1783562638.4136162,2026-07-09 09:03:58,MANUAL,ACTIVE,0.0,0.0,0.0,0.0,0.0,16.8,0.0,0.0,0.0,0.0
1783562639.4294794,2026-07-09 09:03:59,MANUAL,ACTIVE,0.0,0.0,0.0,0.0,0.0,16.8,0.0,0.0,0.0,0.0
1783562640.429548,2026-07-09 09:04:00,MANUAL,ACTIVE,0.0,0.0,0.0,0.0,0.0,16.8,0.0,0.0,0.0,0.0
1783562641.444286,2026-07-09 09:04:01,MANUAL,ACTIVE,0.0,0.0,0.0,0.0,0.0,16.8,0.0,0.0,0.0,0.0
1783562642.4604287,2026-07-09 09:04:02,MANUAL,ACTIVE,0.0,0.0,0.0,0.0,0.0,16.8,0.0,0.0,0.0,0.0
1783562643.476234,2026-07-09 09:04:03,MANUAL,ACTIVE,0.0,0.0,0.0,0.0,0.0,16.8,0.0,0.0,0.0,0.0
1783562644.4927742,2026-07-09 09:04:04,MANUAL,ACTIVE,0.0,0.0,0.0,0.0,0.0,16.8,0.0,0.0,0.0,0.0
1783562645.507684,2026-07-09 09:04:05,MANUAL,ACTIVE,0.0,0.0,0.0,0.0,0.0,16.8,0.0,0.0,0.0,0.0
1783562646.513073,2026-07-09 09:04:06,MANUAL,ACTIVE,0.0,0.0,0.0,0.0,0.0,16.8,0.0,0.0,0.0,0.0
1783562647.5223694,2026-07-09 09:04:07,MANUAL,ACTIVE,0.0,0.0,0.0,0.0,0.0,16.8,0.0,0.0,0.0,0.0
1783562648.5232215,2026-07-09 09:04:08,MANUAL,ACTIVE,0.0,0.0,0.0,0.0,0.0,16.8,0.0,0.0,0.0,0.0
1783562649.5395625,2026-07-09 09:04:09,MANUAL,ACTIVE,0.0,0.0,0.0,0.0,0.0,16.8,0.0,0.0,0.0,0.0
1783562650.5530636,2026-07-09 09:04:10,MANUAL,ACTIVE,0.0,0.0,0.0,0.0,0.0,16.8,0.0,0.0,0.0,0.0
1783562651.5616245,2026-07-09 09:04:11,MANUAL,ACTIVE,0.0,0.0,0.0,0.0,0.0,16.8,0.0,0.0,0.0,0.0
1783562652.5683148,2026-07-09 09:04:12,MANUAL,ACTIVE,0.0,0.0,0.0,0.0,0.0,16.8,0.0,0.0,0.0,0.0
1783562653.583576,2026-07-09 09:04:13,MANUAL,ACTIVE,0.0,0.0,0.0,0.0,0.0,16.8,0.0,0.0,0.0,0.0
1783562654.6017573,2026-07-09 09:04:14,MANUAL,ACTIVE,0.0,0.0,0.0,0.0,0.0,16.8,0.0,0.0,0.0,0.0
1783562655.617056,2026-07-09 09:04:15,MANUAL,ACTIVE,0.0,0.0,0.0,0.0,0.0,16.8,0.0,0.0,0.0,0.0
1783562656.6188989,2026-07-09 09:04:16,MANUAL,ACTIVE,0.0,0.0,0.0,0.0,0.0,16.8,0.0,0.0,0.0,0.0
1783562657.6464617,2026-07-09 09:04:17,MANUAL,ACTIVE,0.0,0.0,0.0,0.0,0.0,16.8,0.0,0.0,0.0,0.0
1783562658.6627755,2026-07-09 09:04:18,MANUAL,ACTIVE,0.0,0.0,0.0,0.0,0.0,16.8,0.0,0.0,0.0,0.0
1783562659.6797664,2026-07-09 09:04:19,MANUAL,ACTIVE,0.0,0.0,0.0,0.0,0.0,16.8,0.0,0.0,0.0,0.0
1783562660.6945002,2026-07-09 09:04:20,MANUAL,ACTIVE,0.0,0.0,0.0,0.0,0.0,16.8,0.0,0.0,0.0,0.0
1783562661.7097464,2026-07-09 09:04:21,MANUAL,ACTIVE,0.0,0.0,0.0,0.0,0.0,16.8,0.0,0.0,0.0,0.0
1783562662.7258377,2026-07-09 09:04:22,MANUAL,ACTIVE,0.0,0.0,0.0,0.0,0.0,16.8,0.0,0.0,0.0,0.0
1783562663.741357,2026-07-09 09:04:23,MANUAL,ACTIVE,0.0,0.0,0.0,0.0,0.0,16.8,0.0,0.0,0.0,0.0
1783562664.7574387,2026-07-09 09:04:24,MANUAL,ACTIVE,0.0,0.0,0.0,0.0,0.0,16.8,0.0,0.0,0.0,0.0
1783562665.7729537,2026-07-09 09:04:25,MANUAL,ACTIVE,0.0,0.0,0.0,0.0,0.0,16.8,0.0,0.0,0.0,0.0
1783562666.773959,2026-07-09 09:04:26,MANUAL,ACTIVE,0.0,0.0,0.0,0.0,0.0,16.8,0.0,0.0,0.0,0.0
1783562667.7883072,2026-07-09 09:04:27,MANUAL,ACTIVE,0.0,0.0,0.0,0.0,0.0,16.8,0.0,0.0,0.0,0.0
1783562668.803382,2026-07-09 09:04:28,MANUAL,ACTIVE,0.0,0.0,0.0,0.0,0.0,16.8,0.0,0.0,0.0,0.0
1783562669.8198578,2026-07-09 09:04:29,MANUAL,ACTIVE,0.0,0.0,0.0,0.0,0.0,16.8,0.0,0.0,0.0,0.0
1783562670.8352356,2026-07-09 09:04:30,MANUAL,ACTIVE,0.0,0.0,0.0,0.0,0.0,16.8,0.0,0.0,0.0,0.0
1783562671.8675811,2026-07-09 09:04:31,MANUAL,ACTIVE,0.0,0.0,0.0,0.0,0.0,16.8,0.0,0.0,0.0,0.0
1783562672.8834748,2026-07-09 09:04:32,MANUAL,ACTIVE,0.0,0.0,0.0,0.0,0.0,16.8,0.0,0.0,0.0,0.0
1783562673.8993087,2026-07-09 09:04:33,MANUAL,ACTIVE,0.0,0.0,0.0,0.0,0.0,16.8,0.0,0.0,0.0,0.0
1783562674.9012406,2026-07-09 09:04:34,MANUAL,ACTIVE,0.0,0.0,0.0,0.0,0.0,16.8,0.0,0.0,0.0,0.0
1783562675.9142566,2026-07-09 09:04:35,MANUAL,ACTIVE,0.0,0.0,0.0,0.0,0.0,16.8,0.0,0.0,0.0,0.0
1783562676.92891,2026-07-09 09:04:36,MANUAL,ACTIVE,0.0,0.0,0.0,0.0,0.0,16.8,0.0,0.0,0.0,0.0
1783562677.929148,2026-07-09 09:04:37,MANUAL,ACTIVE,0.0,0.0,0.0,0.0,0.0,16.8,0.0,0.0,0.0,0.0
1783562678.945969,2026-07-09 09:04:38,MANUAL,ACTIVE,0.0,0.0,0.0,0.0,0.0,16.8,0.0,0.0,0.0,0.0
1783562679.9560895,2026-07-09 09:04:39,MANUAL,ACTIVE,0.0,0.0,0.0,0.0,0.0,16.8,0.0,0.0,0.0,0.0
1783562680.9603653,2026-07-09 09:04:40,MANUAL,ACTIVE,0.0,0.0,0.0,0.0,0.0,16.8,0.0,0.0,0.0,0.0
1783562681.9753203,2026-07-09 09:04:41,MANUAL,ACTIVE,0.0,0.0,0.0,0.0,0.0,16.8,0.0,0.0,0.0,0.0
1783562682.9916155,2026-07-09 09:04:42,MANUAL,ACTIVE,0.0,0.0,0.0,0.0,0.0,16.8,0.0,0.0,0.0,0.0
1783562683.9942455,2026-07-09 09:04:43,MANUAL,ACTIVE,0.0,0.0,0.0,0.0,0.0,16.8,0.0,0.0,0.0,0.0
1783562685.0069947,2026-07-09 09:04:45,MANUAL,ACTIVE,0.0,0.0,0.0,0.0,0.0,16.8,0.0,0.0,0.0,0.0
1783562686.0211582,2026-07-09 09:04:46,MANUAL,ACTIVE,0.0,0.0,0.0,0.0,0.0,16.8,0.0,0.0,0.0,0.0
1783562687.0377216,2026-07-09 09:04:47,MANUAL,ACTIVE,0.0,0.0,0.0,0.0,0.0,16.8,0.0,0.0,0.0,0.0
1783562688.0540493,2026-07-09 09:04:48,MANUAL,ACTIVE,0.0,0.0,0.0,0.0,0.0,16.8,0.0,0.0,0.0,0.0
1783563555.4401145,2026-07-09 09:19:15,MANUAL,ACTIVE,0.0,0.0,0.0,0.0,0.0,16.8,0.0,0.0,0.0,0.0
1783563556.4462287,2026-07-09 09:19:16,MANUAL,ACTIVE,0.0,0.0,0.0,0.0,0.0,16.8,0.0,0.0,0.0,0.0
1783563557.4463468,2026-07-09 09:19:17,MANUAL,ACTIVE,0.0,0.0,0.0,0.0,0.0,16.8,0.0,0.0,0.0,0.0
1783563558.4613068,2026-07-09 09:19:18,MANUAL,ACTIVE,0.0,0.0,0.0,0.0,0.0,16.8,0.0,0.0,0.0,0.0
1783563559.4769683,2026-07-09 09:19:19,MANUAL,ACTIVE,0.0,0.0,0.0,0.0,0.0,16.8,0.0,0.0,0.0,0.0
1783563560.4782853,2026-07-09 09:19:20,MANUAL,ACTIVE,0.0,0.0,0.0,0.0,0.0,16.8,0.0,0.0,0.0,0.0
1783563561.4915817,2026-07-09 09:19:21,MANUAL,ACTIVE,0.0,0.0,0.0,0.0,0.0,16.8,0.0,0.0,0.0,0.0
1783563562.4917886,2026-07-09 09:19:22,MANUAL,ACTIVE,0.0,0.0,0.0,0.0,0.0,16.8,0.0,0.0,0.0,0.0
1783563581.1085567,2026-07-09 09:19:41,MANUAL,ACTIVE,0.0,0.0,0.0,0.0,0.0,16.8,0.0,0.0,0.0,0.0
1783563582.1075647,2026-07-09 09:19:42,MANUAL,ACTIVE,0.0,0.0,0.0,0.0,0.0,16.8,0.0,0.0,0.0,0.0
1783563583.1231031,2026-07-09 09:19:43,MANUAL,ACTIVE,0.0,0.0,0.0,0.0,0.0,16.8,0.0,0.0,0.0,0.0
1783563584.13973,2026-07-09 09:19:44,MANUAL,ACTIVE,0.0,0.0,0.0,0.0,0.0,16.8,0.0,0.0,0.0,0.0
1783563585.1400528,2026-07-09 09:19:45,MANUAL,ACTIVE,0.0,0.0,0.0,0.0,0.0,16.8,0.0,0.0,0.0,0.0
1783563586.1532516,2026-07-09 09:19:46,MANUAL,ACTIVE,0.0,0.0,0.0,0.0,0.0,16.8,0.0,0.0,0.0,0.0
1783563587.1691039,2026-07-09 09:19:47,MANUAL,ACTIVE,0.0,0.0,0.0,0.0,0.0,16.8,0.0,0.0,0.0,0.0
1783563588.1692424,2026-07-09 09:19:48,MANUAL,ACTIVE,0.0,0.0,0.0,0.0,0.0,16.8,0.0,0.0,0.0,0.0
1783563589.1843424,2026-07-09 09:19:49,MANUAL,ACTIVE,0.0,0.0,0.0,0.0,0.0,16.8,0.0,0.0,0.0,0.0
1783563590.2007182,2026-07-09 09:19:50,MANUAL,ACTIVE,0.0,0.0,0.0,0.0,0.0,16.8,0.0,0.0,0.0,0.0
1783563591.216202,2026-07-09 09:19:51,MANUAL,ACTIVE,0.0,0.0,0.0,0.0,0.0,16.8,0.0,0.0,0.0,0.0
1783563592.232175,2026-07-09 09:19:52,MANUAL,ACTIVE,0.0,0.0,0.0,0.0,0.0,16.8,0.0,0.0,0.0,0.0
1783563593.2475986,2026-07-09 09:19:53,MANUAL,ACTIVE,0.0,0.0,0.0,0.0,0.0,16.8,0.0,0.0,0.0,0.0
1783563594.2477512,2026-07-09 09:19:54,MANUAL,ACTIVE,0.0,0.0,0.0,0.0,0.0,16.8,0.0,0.0,0.0,0.0
1783563595.261698,2026-07-09 09:19:55,MANUAL,ACTIVE,0.0,0.0,0.0,0.0,0.0,16.8,0.0,0.0,0.0,0.0
1783563596.2779891,2026-07-09 09:19:56,MANUAL,ACTIVE,0.0,0.0,0.0,0.0,0.0,16.8,0.0,0.0,0.0,0.0
1783563597.2786038,2026-07-09 09:19:57,MANUAL,ACTIVE,0.0,0.0,0.0,0.0,0.0,16.8,0.0,0.0,0.0,0.0
1783563598.294295,2026-07-09 09:19:58,MANUAL,ACTIVE,0.0,0.0,0.0,0.0,0.0,16.8,0.0,0.0,0.0,0.0
1783563599.3087666,2026-07-09 09:19:59,MANUAL,ACTIVE,0.0,0.0,0.0,0.0,0.0,16.8,0.0,0.0,0.0,0.0
1783563600.3254626,2026-07-09 09:20:00,MANUAL,ACTIVE,0.0,0.0,0.0,0.0,0.0,16.8,0.0,0.0,0.0,0.0
1783563601.340394,2026-07-09 09:20:01,MANUAL,ACTIVE,0.0,0.0,0.0,0.0,0.0,16.8,0.0,0.0,0.0,0.0
1783563602.355886,2026-07-09 09:20:02,MANUAL,ACTIVE,0.0,0.0,0.0,0.0,0.0,16.8,0.0,0.0,0.0,0.0
1783563603.3735034,2026-07-09 09:20:03,MANUAL,ACTIVE,0.0,0.0,0.0,0.0,0.0,16.8,0.0,0.0,0.0,0.0
1783563604.3879063,2026-07-09 09:20:04,MANUAL,ACTIVE,0.0,0.0,0.0,0.0,0.0,16.8,0.0,0.0,0.0,0.0
1783563605.4047267,2026-07-09 09:20:05,MANUAL,ACTIVE,0.0,0.0,0.0,0.0,0.0,16.8,0.0,0.0,0.0,0.0
1783563606.4199393,2026-07-09 09:20:06,MANUAL,ACTIVE,0.0,0.0,0.0,0.0,0.0,16.8,0.0,0.0,0.0,0.0
1783563607.4347563,2026-07-09 09:20:07,MANUAL,ACTIVE,0.0,0.0,0.0,0.0,0.0,16.8,0.0,0.0,0.0,0.0
1783563608.4512203,2026-07-09 09:20:08,MANUAL,ACTIVE,0.0,0.0,0.0,0.0,0.0,16.8,0.0,0.0,0.0,0.0
1783563609.467666,2026-07-09 09:20:09,MANUAL,ACTIVE,0.0,0.0,0.0,0.0,0.0,16.8,0.0,0.0,0.0,0.0
1783563610.4822612,2026-07-09 09:20:10,MANUAL,ACTIVE,0.0,0.0,0.0,0.0,0.0,16.8,0.0,0.0,0.0,0.0
1783563611.4830074,2026-07-09 09:20:11,MANUAL,ACTIVE,0.0,0.0,0.0,0.0,0.0,16.8,0.0,0.0,0.0,0.0
1783563612.4972067,2026-07-09 09:20:12,MANUAL,ACTIVE,0.0,0.0,0.0,0.0,0.0,16.8,0.0,0.0,0.0,0.0
1783563613.514024,2026-07-09 09:20:13,MANUAL,ACTIVE,0.0,0.0,0.0,0.0,0.0,16.8,0.0,0.0,0.0,0.0
1783563614.5300167,2026-07-09 09:20:14,MANUAL,ACTIVE,0.0,0.0,0.0,0.0,0.0,16.8,0.0,0.0,0.0,0.0
1783563615.546639,2026-07-09 09:20:15,MANUAL,ACTIVE,0.0,0.0,0.0,0.0,0.0,16.8,0.0,0.0,0.0,0.0
1783563616.5603151,2026-07-09 09:20:16,MANUAL,ACTIVE,0.0,0.0,0.0,0.0,0.0,16.8,0.0,0.0,0.0,0.0
1783563617.5611768,2026-07-09 09:20:17,MANUAL,ACTIVE,0.0,0.0,0.0,0.0,0.0,16.8,0.0,0.0,0.0,0.0
1783563618.5749736,2026-07-09 09:20:18,MANUAL,ACTIVE,0.0,0.0,0.0,0.0,0.0,16.8,0.0,0.0,0.0,0.0
1783563619.5907269,2026-07-09 09:20:19,MANUAL,ACTIVE,0.0,0.0,0.0,0.0,0.0,16.8,0.0,0.0,0.0,0.0
1783563620.6082606,2026-07-09 09:20:20,MANUAL,ACTIVE,0.0,0.0,0.0,0.0,0.0,16.8,0.0,0.0,0.0,0.0
1783563621.6115687,2026-07-09 09:20:21,MANUAL,ACTIVE,0.0,0.0,0.0,0.0,0.0,16.8,0.0,0.0,0.0,0.0
1783563622.6228025,2026-07-09 09:20:22,MANUAL,ACTIVE,0.0,0.0,0.0,0.0,0.0,16.8,0.0,0.0,0.0,0.0
1783563623.6568627,2026-07-09 09:20:23,MANUAL,ACTIVE,0.0,0.0,0.0,0.0,0.0,16.8,0.0,0.0,0.0,0.0
1783563624.679088,2026-07-09 09:20:24,MANUAL,ACTIVE,0.0,0.0,0.0,0.0,0.0,16.8,0.0,0.0,0.0,0.0
1783563625.6877775,2026-07-09 09:20:25,MANUAL,ACTIVE,0.0,0.0,0.0,0.0,0.0,16.8,0.0,0.0,0.0,0.0
1783563626.7024794,2026-07-09 09:20:26,MANUAL,ACTIVE,0.0,0.0,0.0,0.0,0.0,16.8,0.0,0.0,0.0,0.0
1783563627.7186415,2026-07-09 09:20:27,MANUAL,ACTIVE,0.0,0.0,0.0,0.0,0.0,16.8,0.0,0.0,0.0,0.0
1783563628.750497,2026-07-09 09:20:28,MANUAL,ACTIVE,0.0,0.0,0.0,0.0,0.0,16.8,0.0,0.0,0.0,0.0
1783563678.5693188,2026-07-09 09:21:18,MANUAL,ACTIVE,0.0,0.0,0.0,0.0,0.0,16.8,0.0,0.0,0.0,0.0
1783563679.5744886,2026-07-09 09:21:19,MANUAL,ACTIVE,0.0,0.0,0.0,0.0,0.0,16.8,0.0,0.0,0.0,0.0
1783563680.5873756,2026-07-09 09:21:20,MANUAL,ACTIVE,0.0,0.0,0.0,0.0,0.0,16.8,0.0,0.0,0.0,0.0
1783563681.6028364,2026-07-09 09:21:21,MANUAL,ACTIVE,0.0,0.0,0.0,0.0,0.0,16.8,0.0,0.0,0.0,0.0
1783563682.619144,2026-07-09 09:21:22,MANUAL,ACTIVE,0.0,0.0,0.0,0.0,0.0,16.8,0.0,0.0,0.0,0.0
1783563683.634586,2026-07-09 09:21:23,MANUAL,ACTIVE,0.0,0.0,0.0,0.0,0.0,16.8,0.0,0.0,0.0,0.0
1783563684.650533,2026-07-09 09:21:24,MANUAL,ACTIVE,0.0,0.0,0.0,0.0,0.0,16.8,0.0,0.0,0.0,0.0
1783563685.6664126,2026-07-09 09:21:25,MANUAL,ACTIVE,0.0,0.0,0.0,0.0,0.0,16.8,0.0,0.0,0.0,0.0
1783563686.682328,2026-07-09 09:21:26,MANUAL,ACTIVE,0.0,0.0,0.0,0.0,0.0,16.8,0.0,0.0,0.0,0.0
1783563687.6845329,2026-07-09 09:21:27,MANUAL,ACTIVE,0.0,0.0,0.0,0.0,0.0,16.8,0.0,0.0,0.0,0.0
1783563688.6972973,2026-07-09 09:21:28,MANUAL,ACTIVE,0.0,0.0,0.0,0.0,0.0,16.8,0.0,0.0,0.0,0.0
1783563689.714257,2026-07-09 09:21:29,MANUAL,ACTIVE,0.0,0.0,0.0,0.0,0.0,16.8,0.0,0.0,0.0,0.0
1783563690.7292275,2026-07-09 09:21:30,MANUAL,ACTIVE,0.0,0.0,0.0,0.0,0.0,16.8,0.0,0.0,0.0,0.0
1783563691.7294323,2026-07-09 09:21:31,MANUAL,ACTIVE,0.0,0.0,0.0,0.0,0.0,16.8,0.0,0.0,0.0,0.0
1783563692.7436604,2026-07-09 09:21:32,MANUAL,ACTIVE,0.0,0.0,0.0,0.0,0.0,16.8,0.0,0.0,0.0,0.0
1783563693.7595098,2026-07-09 09:21:33,MANUAL,ACTIVE,0.0,0.0,0.0,0.0,0.0,16.8,0.0,0.0,0.0,0.0
1783563694.759577,2026-07-09 09:21:34,MANUAL,ACTIVE,0.0,0.0,0.0,0.0,0.0,16.8,0.0,0.0,0.0,0.0
1783563695.7754774,2026-07-09 09:21:35,MANUAL,ACTIVE,0.0,0.0,0.0,0.0,0.0,16.8,0.0,0.0,0.0,0.0
1783563696.7900493,2026-07-09 09:21:36,MANUAL,ACTIVE,0.0,0.0,0.0,0.0,0.0,16.8,0.0,0.0,0.0,0.0
1783563697.8057473,2026-07-09 09:21:37,MANUAL,ACTIVE,0.0,0.0,0.0,0.0,0.0,16.8,0.0,0.0,0.0,0.0
1783563698.8216453,2026-07-09 09:21:38,MANUAL,ACTIVE,0.0,0.0,0.0,0.0,0.0,16.8,0.0,0.0,0.0,0.0
1783563699.837695,2026-07-09 09:21:39,MANUAL,ACTIVE,0.0,0.0,0.0,0.0,0.0,16.8,0.0,0.0,0.0,0.0
1783563700.8529735,2026-07-09 09:21:40,MANUAL,ACTIVE,0.0,0.0,0.0,0.0,0.0,16.8,0.0,0.0,0.0,0.0
1783563701.8686836,2026-07-09 09:21:41,MANUAL,ACTIVE,0.0,0.0,0.0,0.0,0.0,16.8,0.0,0.0,0.0,0.0
1783563702.8687723,2026-07-09 09:21:42,MANUAL,ACTIVE,0.0,0.0,0.0,0.0,0.0,16.8,0.0,0.0,0.0,0.0
1783563703.8854423,2026-07-09 09:21:43,MANUAL,ACTIVE,0.0,0.0,0.0,0.0,0.0,16.8,0.0,0.0,0.0,0.0
1783563704.89941,2026-07-09 09:21:44,MANUAL,ACTIVE,0.0,0.0,0.0,0.0,0.0,16.8,0.0,0.0,0.0,0.0
1783563705.8999166,2026-07-09 09:21:45,MANUAL,ACTIVE,0.0,0.0,0.0,0.0,0.0,16.8,0.0,0.0,0.0,0.0
1783563706.9148514,2026-07-09 09:21:46,MANUAL,ACTIVE,0.0,0.0,0.0,0.0,0.0,16.8,0.0,0.0,0.0,0.0
1783563707.9160697,2026-07-09 09:21:47,MANUAL,ACTIVE,0.0,0.0,0.0,0.0,0.0,16.8,0.0,0.0,0.0,0.0
1783563708.9297988,2026-07-09 09:21:48,MANUAL,ACTIVE,0.0,0.0,0.0,0.0,0.0,16.8,0.0,0.0,0.0,0.0
1783563709.9303405,2026-07-09 09:21:49,MANUAL,ACTIVE,0.0,0.0,0.0,0.0,0.0,16.8,0.0,0.0,0.0,0.0
1783563710.9459624,2026-07-09 09:21:50,MANUAL,ACTIVE,0.0,0.0,0.0,0.0,0.0,16.8,0.0,0.0,0.0,0.0
1783563711.961062,2026-07-09 09:21:51,MANUAL,ACTIVE,0.0,0.0,0.0,0.0,0.0,16.8,0.0,0.0,0.0,0.0
1783563712.977186,2026-07-09 09:21:52,MANUAL,ACTIVE,0.0,0.0,0.0,0.0,0.0,16.8,0.0,0.0,0.0,0.0
1783563713.9917147,2026-07-09 09:21:53,MANUAL,ACTIVE,0.0,0.0,0.0,0.0,0.0,16.8,0.0,0.0,0.0,0.0
1783563715.0090911,2026-07-09 09:21:55,MANUAL,ACTIVE,0.0,0.0,0.0,0.0,0.0,16.8,0.0,0.0,0.0,0.0
1783563716.0234506,2026-07-09 09:21:56,MANUAL,ACTIVE,0.0,0.0,0.0,0.0,0.0,16.8,0.0,0.0,0.0,0.0
1783563717.024186,2026-07-09 09:21:57,MANUAL,ACTIVE,0.0,0.0,0.0,0.0,0.0,16.8,0.0,0.0,0.0,0.0
1783563718.039103,2026-07-09 09:21:58,MANUAL,ACTIVE,0.0,0.0,0.0,0.0,0.0,16.8,0.0,0.0,0.0,0.0
1783563719.053857,2026-07-09 09:21:59,MANUAL,ACTIVE,0.0,0.0,0.0,0.0,0.0,16.8,0.0,0.0,0.0,0.0
1783563720.069953,2026-07-09 09:22:00,MANUAL,ACTIVE,0.0,0.0,0.0,0.0,0.0,16.8,0.0,0.0,0.0,0.0
1783563721.0704238,2026-07-09 09:22:01,MANUAL,ACTIVE,0.0,0.0,0.0,0.0,0.0,16.8,0.0,0.0,0.0,0.0
1783563722.0849884,2026-07-09 09:22:02,MANUAL,ACTIVE,0.0,0.0,0.0,0.0,0.0,16.8,0.0,0.0,0.0,0.0
1783563723.085161,2026-07-09 09:22:03,MANUAL,ACTIVE,0.0,0.0,0.0,0.0,0.0,16.8,0.0,0.0,0.0,0.0
1783563724.0996768,2026-07-09 09:22:04,MANUAL,ACTIVE,0.0,0.0,0.0,0.0,0.0,16.8,0.0,0.0,0.0,0.0
1783563725.1156137,2026-07-09 09:22:05,MANUAL,ACTIVE,0.0,0.0,0.0,0.0,0.0,16.8,0.0,0.0,0.0,0.0
1783563726.13095,2026-07-09 09:22:06,MANUAL,ACTIVE,0.0,0.0,0.0,0.0,0.0,16.8,0.0,0.0,0.0,0.0
1783563727.1469483,2026-07-09 09:22:07,MANUAL,ACTIVE,0.0,0.0,0.0,0.0,0.0,16.8,0.0,0.0,0.0,0.0
1783563728.162911,2026-07-09 09:22:08,MANUAL,ACTIVE,0.0,0.0,0.0,0.0,0.0,16.8,0.0,0.0,0.0,0.0
1783563729.1630218,2026-07-09 09:22:09,MANUAL,ACTIVE,0.0,0.0,0.0,0.0,0.0,16.8,0.0,0.0,0.0,0.0
1783563730.1778724,2026-07-09 09:22:10,MANUAL,ACTIVE,0.0,0.0,0.0,0.0,0.0,16.8,0.0,0.0,0.0,0.0
1783563731.1934948,2026-07-09 09:22:11,MANUAL,ACTIVE,0.0,0.0,0.0,0.0,0.0,16.8,0.0,0.0,0.0,0.0
1783563732.210732,2026-07-09 09:22:12,MANUAL,ACTIVE,0.0,0.0,0.0,0.0,0.0,16.8,0.0,0.0,0.0,0.0
1783563733.2265801,2026-07-09 09:22:13,MANUAL,ACTIVE,0.0,0.0,0.0,0.0,0.0,16.8,0.0,0.0,0.0,0.0
1783563734.2428222,2026-07-09 09:22:14,MANUAL,ACTIVE,0.0,0.0,0.0,0.0,0.0,16.8,0.0,0.0,0.0,0.0
1783563735.2567148,2026-07-09 09:22:15,MANUAL,ACTIVE,0.0,0.0,0.0,0.0,0.0,16.8,0.0,0.0,0.0,0.0
1783563736.2720058,2026-07-09 09:22:16,MANUAL,ACTIVE,0.0,0.0,0.0,0.0,0.0,16.8,0.0,0.0,0.0,0.0
1783563737.2882335,2026-07-09 09:22:17,MANUAL,ACTIVE,0.0,0.0,0.0,0.0,0.0,16.8,0.0,0.0,0.0,0.0
1783563738.3040922,2026-07-09 09:22:18,MANUAL,ACTIVE,0.0,0.0,0.0,0.0,0.0,16.8,0.0,0.0,0.0,0.0
1783563739.3196244,2026-07-09 09:22:19,MANUAL,ACTIVE,0.0,0.0,0.0,0.0,0.0,16.8,0.0,0.0,0.0,0.0
1783563740.3353324,2026-07-09 09:22:20,MANUAL,ACTIVE,0.0,0.0,0.0,0.0,0.0,16.8,0.0,0.0,0.0,0.0
1783563741.351939,2026-07-09 09:22:21,MANUAL,ACTIVE,0.0,0.0,0.0,0.0,0.0,16.8,0.0,0.0,0.0,0.0
1783563742.3669882,2026-07-09 09:22:22,MANUAL,ACTIVE,0.0,0.0,0.0,0.0,0.0,16.8,0.0,0.0,0.0,0.0
1783563743.367678,2026-07-09 09:22:23,MANUAL,ACTIVE,0.0,0.0,0.0,0.0,0.0,16.8,0.0,0.0,0.0,0.0
1783563744.383741,2026-07-09 09:22:24,MANUAL,ACTIVE,0.0,0.0,0.0,0.0,0.0,16.8,0.0,0.0,0.0,0.0
1783563745.3975902,2026-07-09 09:22:25,MANUAL,ACTIVE,0.0,0.0,0.0,0.0,0.0,16.8,0.0,0.0,0.0,0.0
1783563746.413821,2026-07-09 09:22:26,MANUAL,ACTIVE,0.0,0.0,0.0,0.0,0.0,16.8,0.0,0.0,0.0,0.0
1783563747.4295354,2026-07-09 09:22:27,MANUAL,ACTIVE,0.0,0.0,0.0,0.0,0.0,16.8,0.0,0.0,0.0,0.0
1783563748.445238,2026-07-09 09:22:28,MANUAL,ACTIVE,0.0,0.0,0.0,0.0,0.0,16.8,0.0,0.0,0.0,0.0
1783563749.4459574,2026-07-09 09:22:29,MANUAL,ACTIVE,0.0,0.0,0.0,0.0,0.0,16.8,0.0,0.0,0.0,0.0
1783563750.4602928,2026-07-09 09:22:30,MANUAL,ACTIVE,0.0,0.0,0.0,0.0,0.0,16.8,0.0,0.0,0.0,0.0
1783563751.475361,2026-07-09 09:22:31,MANUAL,ACTIVE,0.0,0.0,0.0,0.0,0.0,16.8,0.0,0.0,0.0,0.0
1783563752.4756298,2026-07-09 09:22:32,MANUAL,ACTIVE,0.0,0.0,0.0,0.0,0.0,16.8,0.0,0.0,0.0,0.0
1783563753.4910643,2026-07-09 09:22:33,MANUAL,ACTIVE,0.0,0.0,0.0,0.0,0.0,16.8,0.0,0.0,0.0,0.0
1783563754.507745,2026-07-09 09:22:34,MANUAL,ACTIVE,0.0,0.0,0.0,0.0,0.0,16.8,0.0,0.0,0.0,0.0
1783563755.530278,2026-07-09 09:22:35,MANUAL,ACTIVE,0.0,0.0,0.0,0.0,0.0,16.8,0.0,0.0,0.0,0.0
1783563756.5384822,2026-07-09 09:22:36,MANUAL,ACTIVE,0.0,0.0,0.0,0.0,0.0,16.8,0.0,0.0,0.0,0.0
1783563758.4435577,2026-07-09 09:22:38,MANUAL,ACTIVE,0.0,0.0,0.0,0.0,0.0,16.8,0.0,0.0,0.0,0.0
1783563759.452656,2026-07-09 09:22:39,MANUAL,ACTIVE,0.0,0.0,0.0,0.0,0.0,16.8,0.0,0.0,0.0,0.0
1783563760.4695575,2026-07-09 09:22:40,MANUAL,ACTIVE,0.0,0.0,0.0,0.0,0.0,16.8,0.0,0.0,0.0,0.0
1783563761.4839694,2026-07-09 09:22:41,MANUAL,ACTIVE,0.0,0.0,0.0,0.0,0.0,16.8,0.0,0.0,0.0,0.0
1783563762.4848096,2026-07-09 09:22:42,MANUAL,ACTIVE,0.0,0.0,0.0,0.0,0.0,16.8,0.0,0.0,0.0,0.0
1783563763.4992263,2026-07-09 09:22:43,MANUAL,ACTIVE,0.0,0.0,0.0,0.0,0.0,16.8,0.0,0.0,0.0,0.0
1783563764.5142376,2026-07-09 09:22:44,MANUAL,ACTIVE,0.0,0.0,0.0,0.0,0.0,16.8,0.0,0.0,0.0,0.0
1783563765.5303497,2026-07-09 09:22:45,MANUAL,ACTIVE,0.0,0.0,0.0,0.0,0.0,16.8,0.0,0.0,0.0,0.0
1783563766.5310886,2026-07-09 09:22:46,MANUAL,ACTIVE,0.0,0.0,0.0,0.0,0.0,16.8,0.0,0.0,0.0,0.0
1783563767.5455716,2026-07-09 09:22:47,MANUAL,ACTIVE,0.0,0.0,0.0,0.0,0.0,16.8,0.0,0.0,0.0,0.0
1783563768.5460374,2026-07-09 09:22:48,MANUAL,ACTIVE,0.0,0.0,0.0,0.0,0.0,16.8,0.0,0.0,0.0,0.0
1783563769.5604372,2026-07-09 09:22:49,MANUAL,ACTIVE,0.0,0.0,0.0,0.0,0.0,16.8,0.0,0.0,0.0,0.0
1783563770.5761962,2026-07-09 09:22:50,MANUAL,ACTIVE,0.0,0.0,0.0,0.0,0.0,16.8,0.0,0.0,0.0,0.0
1783563771.592489,2026-07-09 09:22:51,MANUAL,ACTIVE,0.0,0.0,0.0,0.0,0.0,16.8,0.0,0.0,0.0,0.0
1783563899.8908226,2026-07-09 09:24:59,MANUAL,ACTIVE,0.0,0.0,0.0,0.0,0.0,16.8,0.0,0.0,0.0,0.0
1783563900.8961954,2026-07-09 09:25:00,MANUAL,ACTIVE,0.0,0.0,0.0,0.0,0.0,16.8,0.0,0.0,0.0,0.0
1783563901.9124389,2026-07-09 09:25:01,MANUAL,ACTIVE,0.0,0.0,0.0,0.0,0.0,16.8,0.0,0.0,0.0,0.0
1783563902.9270527,2026-07-09 09:25:02,MANUAL,ACTIVE,0.0,0.0,0.0,0.0,0.0,16.8,0.0,0.0,0.0,0.0
1783563903.9430628,2026-07-09 09:25:03,MANUAL,ACTIVE,0.0,0.0,0.0,0.0,0.0,16.8,0.0,0.0,0.0,0.0
1783563904.960313,2026-07-09 09:25:04,MANUAL,ACTIVE,0.0,0.0,0.0,0.0,0.0,16.8,0.0,0.0,0.0,0.0
1783563905.9756615,2026-07-09 09:25:05,MANUAL,ACTIVE,0.0,0.0,0.0,0.0,0.0,16.8,0.0,0.0,0.0,0.0
1783563906.990398,2026-07-09 09:25:06,MANUAL,ACTIVE,0.0,0.0,0.0,0.0,0.0,16.8,0.0,0.0,0.0,0.0
1783563908.0059986,2026-07-09 09:25:08,MANUAL,ACTIVE,0.0,0.0,0.0,0.0,0.0,16.8,0.0,0.0,0.0,0.0
1783563909.0223613,2026-07-09 09:25:09,MANUAL,ACTIVE,0.0,0.0,0.0,0.0,0.0,16.8,0.0,0.0,0.0,0.0
1783563910.0223053,2026-07-09 09:25:10,MANUAL,ACTIVE,0.0,0.0,0.0,0.0,0.0,16.8,0.0,0.0,0.0,0.0
1783563911.0365515,2026-07-09 09:25:11,MANUAL,ACTIVE,0.0,0.0,0.0,0.0,0.0,16.8,0.0,0.0,0.0,0.0
1783563912.0526648,2026-07-09 09:25:12,MANUAL,ACTIVE,0.0,0.0,0.0,0.0,0.0,16.8,0.0,0.0,0.0,0.0
1783563913.0683045,2026-07-09 09:25:13,MANUAL,ACTIVE,0.0,0.0,0.0,0.0,0.0,16.8,0.0,0.0,0.0,0.0
1783563914.084221,2026-07-09 09:25:14,MANUAL,ACTIVE,0.0,0.0,0.0,0.0,0.0,16.8,0.0,0.0,0.0,0.0
1783563915.1004493,2026-07-09 09:25:15,MANUAL,ACTIVE,0.0,0.0,0.0,0.0,0.0,16.8,0.0,0.0,0.0,0.0
1783563916.1009014,2026-07-09 09:25:16,MANUAL,ACTIVE,0.0,0.0,0.0,0.0,0.0,16.8,0.0,0.0,0.0,0.0
1783563917.114784,2026-07-09 09:25:17,MANUAL,ACTIVE,0.0,0.0,0.0,0.0,0.0,16.8,0.0,0.0,0.0,0.0
1783563918.131983,2026-07-09 09:25:18,MANUAL,ACTIVE,0.0,0.0,0.0,0.0,0.0,16.8,0.0,0.0,0.0,0.0
1783563919.1463757,2026-07-09 09:25:19,MANUAL,ACTIVE,0.0,0.0,0.0,0.0,0.0,16.8,0.0,0.0,0.0,0.0
1783563920.162177,2026-07-09 09:25:20,MANUAL,ACTIVE,0.0,0.0,0.0,0.0,0.0,16.8,0.0,0.0,0.0,0.0
1783563921.178027,2026-07-09 09:25:21,MANUAL,ACTIVE,0.0,0.0,0.0,0.0,0.0,16.8,0.0,0.0,0.0,0.0
1783563922.1944013,2026-07-09 09:25:22,MANUAL,ACTIVE,0.0,0.0,0.0,0.0,0.0,16.8,0.0,0.0,0.0,0.0
1783563923.2093287,2026-07-09 09:25:23,MANUAL,ACTIVE,0.0,0.0,0.0,0.0,0.0,16.8,0.0,0.0,0.0,0.0
1783563924.2250926,2026-07-09 09:25:24,MANUAL,ACTIVE,0.0,0.0,0.0,0.0,0.0,16.8,0.0,0.0,0.0,0.0
1783563925.2409544,2026-07-09 09:25:25,MANUAL,ACTIVE,0.0,0.0,0.0,0.0,0.0,16.8,0.0,0.0,0.0,0.0
1783563926.2573664,2026-07-09 09:25:26,MANUAL,ACTIVE,0.0,0.0,0.0,0.0,0.0,16.8,0.0,0.0,0.0,0.0
1783563927.2730658,2026-07-09 09:25:27,MANUAL,ACTIVE,0.0,0.0,0.0,0.0,0.0,16.8,0.0,0.0,0.0,0.0
1783563928.289823,2026-07-09 09:25:28,MANUAL,ACTIVE,0.0,0.0,0.0,0.0,0.0,16.8,0.0,0.0,0.0,0.0
1783563929.304176,2026-07-09 09:25:29,MANUAL,ACTIVE,0.0,0.0,0.0,0.0,0.0,16.8,0.0,0.0,0.0,0.0
1783563930.3199952,2026-07-09 09:25:30,MANUAL,ACTIVE,0.0,0.0,0.0,0.0,0.0,16.8,0.0,0.0,0.0,0.0
1783563931.3360038,2026-07-09 09:25:31,MANUAL,ACTIVE,0.0,0.0,0.0,0.0,0.0,16.8,0.0,0.0,0.0,0.0
1783563932.3521273,2026-07-09 09:25:32,MANUAL,ACTIVE,0.0,0.0,0.0,0.0,0.0,16.8,0.0,0.0,0.0,0.0
1783563933.3675504,2026-07-09 09:25:33,MANUAL,ACTIVE,0.0,0.0,0.0,0.0,0.0,16.8,0.0,0.0,0.0,0.0
1783563934.382983,2026-07-09 09:25:34,MANUAL,ACTIVE,0.0,0.0,0.0,0.0,0.0,16.8,0.0,0.0,0.0,0.0
1783563935.3987556,2026-07-09 09:25:35,MANUAL,ACTIVE,0.0,0.0,0.0,0.0,0.0,16.8,0.0,0.0,0.0,0.0
1783563936.4149845,2026-07-09 09:25:36,MANUAL,ACTIVE,0.0,0.0,0.0,0.0,0.0,16.8,0.0,0.0,0.0,0.0
1783563937.4303641,2026-07-09 09:25:37,MANUAL,ACTIVE,0.0,0.0,0.0,0.0,0.0,16.8,0.0,0.0,0.0,0.0
1783563938.4462447,2026-07-09 09:25:38,MANUAL,ACTIVE,0.0,0.0,0.0,0.0,0.0,16.8,0.0,0.0,0.0,0.0
1783563939.4627252,2026-07-09 09:25:39,MANUAL,ACTIVE,0.0,0.0,0.0,0.0,0.0,16.8,0.0,0.0,0.0,0.0
1783563940.4779158,2026-07-09 09:25:40,MANUAL,ACTIVE,0.0,0.0,0.0,0.0,0.0,16.8,0.0,0.0,0.0,0.0
1783563941.4784307,2026-07-09 09:25:41,MANUAL,ACTIVE,0.0,0.0,0.0,0.0,0.0,16.8,0.0,0.0,0.0,0.0
